2026-06-03 23:29:44,228 - INFO - ✅ ارسال تلگرام فعال است.
2026-06-03 23:29:45,417 - INFO - [target1] Bot GUID: u0J4rSW0d57ac7d5917f8bd44cd197e2
2026-06-03 23:29:46,015 - INFO - [target2] Bot GUID: u0FVRFh03490a61b556f7ad9e79fb554
2026-06-03 23:29:46,028 - INFO - شروع حلقه نامحدود. شماره‌های تکراری فعلی: 634
2026-06-03 23:29:46,028 - INFO - 🌙 امروز تمام شد – خواب تا فردا ساعت 7.81 (7.8 ساعت)
2026-06-04 07:19:16,903 - INFO - ✅ در پنجرهٔ فعال 7.82 تا 12.31 – 270 دقیقه باقی‌مانده
2026-06-04 07:19:16,903 - INFO - ⚡ چرخه 1: انتخاب دسته 161 تایی
2026-06-04 07:19:42,018 - WARNING - ⏳ [target1] محدودیت نرخ – انتظار 60.0s
2026-06-04 07:21:07,657 - WARNING - ⏳ [target1] محدودیت نرخ – انتظار 60.0s
2026-06-04 07:22:33,669 - WARNING - ⏳ [target1] محدودیت نرخ – انتظار 60.0s
2026-06-04 07:23:57,528 - WARNING - ⏳ [target1] محدودیت نرخ – انتظار 60.0s
2026-06-04 07:25:20,584 - WARNING - ⏳ [target1] محدودیت نرخ – انتظار 60.0s
2026-06-04 07:27:06,228 - WARNING - ⏳ [target1] محدودیت نرخ – انتظار 60.0s
2026-06-04 07:29:57,233 - WARNING - ⏳ [target1] محدودیت نرخ – انتظار 60.0s
2026-06-04 07:31:18,285 - INFO - 20 رکورد جدید ذخیره شد، 0 تکراری
2026-06-04 07:31:44,015 - WARNING - ⏳ [target2] محدودیت نرخ – انتظار 60.0s
2026-06-04 07:33:08,385 - WARNING - ⏳ [target2] محدودیت نرخ – انتظار 60.0s
2026-06-04 07:34:33,692 - WARNING - ⏳ [target2] محدودیت نرخ – انتظار 60.0s
2026-06-04 07:35:57,550 - WARNING - ⏳ [target2] محدودیت نرخ – انتظار 60.0s
2026-06-04 07:37:23,371 - WARNING - ⏳ [target2] محدودیت نرخ – انتظار 60.0s
2026-06-04 07:39:02,740 - WARNING - ⏳ [target2] محدودیت نرخ – انتظار 60.0s
2026-06-04 07:40:57,756 - WARNING - ⏳ [target2] محدودیت نرخ – انتظار 60.0s
2026-06-04 07:42:28,701 - INFO - 14 رکورد جدید ذخیره شد، 0 تکراری
2026-06-04 07:42:28,887 - INFO - ✅ پیام تلگرام ارسال شد.
2026-06-04 07:42:28,889 - INFO - ☕ استراحت 6.5 دقیقه‌ای
2026-06-04 07:49:05,011 - INFO - ⚡ چرخه 2: انتخاب دسته 183 تایی
2026-06-04 07:49:31,546 - WARNING - ⏳ [target1] محدودیت نرخ – انتظار 60.0s
2026-06-04 07:50:55,275 - WARNING - ⏳ [target1] محدودیت نرخ – انتظار 60.0s
2026-06-04 07:52:24,824 - WARNING - ⏳ [target1] محدودیت نرخ – انتظار 60.0s
2026-06-04 07:53:49,528 - WARNING - ⏳ [target1] محدودیت نرخ – انتظار 60.0s
2026-06-04 07:55:12,581 - WARNING - ⏳ [target1] محدودیت نرخ – انتظار 60.0s
2026-06-04 07:56:35,894 - WARNING - ⏳ [target1] محدودیت نرخ – انتظار 60.0s
2026-06-04 07:58:33,929 - WARNING - ⏳ [target1] محدودیت نرخ – انتظار 60.0s
2026-06-04 08:00:29,913 - WARNING - ⏳ [target1] محدودیت نرخ – انتظار 60.0s
2026-06-04 08:01:59,932 - INFO - 16 رکورد جدید ذخیره شد، 0 تکراری
2026-06-04 08:02:26,931 - WARNING - ⏳ [target2] محدودیت نرخ – انتظار 60.0s
2026-06-04 08:03:27,000 - ERROR - ❌ [target2] خطا: ('Connection aborted.', RemoteDisconnected('Remote end closed connection without response'))
2026-06-04 08:03:53,364 - WARNING - ⏳ [target2] محدودیت نرخ – انتظار 60.0s
2026-06-04 08:05:16,557 - WARNING - ⏳ [target2] محدودیت نرخ – انتظار 60.0s
2026-06-04 08:06:37,453 - WARNING - ⏳ [target2] محدودیت نرخ – انتظار 60.0s
2026-06-04 08:08:03,529 - WARNING - ⏳ [target2] محدودیت نرخ – انتظار 60.0s
2026-06-04 08:09:32,347 - WARNING - ⏳ [target2] محدودیت نرخ – انتظار 60.0s
2026-06-04 08:11:20,106 - WARNING - ⏳ [target2] محدودیت نرخ – انتظار 60.0s
2026-06-04 08:13:09,730 - WARNING - ⏳ [target2] محدودیت نرخ – انتظار 60.0s
2026-06-04 08:15:53,526 - INFO - 23 رکورد جدید ذخیره شد، 0 تکراری
2026-06-04 08:15:53,684 - INFO - ✅ پیام تلگرام ارسال شد.
2026-06-04 08:16:06,092 - INFO - ⚡ چرخه 3: انتخاب دسته 200 تایی
2026-06-04 08:16:33,175 - WARNING - ⏳ [target1] محدودیت نرخ – انتظار 60.0s
2026-06-04 08:17:58,339 - WARNING - ⏳ [target1] محدودیت نرخ – انتظار 60.0s
2026-06-04 08:19:22,603 - WARNING - ⏳ [target1] محدودیت نرخ – انتظار 60.0s
2026-06-04 08:20:47,794 - WARNING - ⏳ [target1] محدودیت نرخ – انتظار 60.0s
2026-06-04 08:22:12,852 - WARNING - ⏳ [target1] محدودیت نرخ – انتظار 60.0s
2026-06-04 08:23:36,000 - WARNING - ⏳ [target1] محدودیت نرخ – انتظار 60.0s
2026-06-04 08:25:10,043 - WARNING - ⏳ [target1] محدودیت نرخ – انتظار 60.0s
2026-06-04 08:27:04,168 - WARNING - ⏳ [target1] محدودیت نرخ – انتظار 60.0s
2026-06-04 08:29:00,296 - WARNING - ⏳ [target1] محدودیت نرخ – انتظار 60.0s
2026-06-04 08:31:03,708 - WARNING - ⏳ [target1] محدودیت نرخ – انتظار 60.0s
2026-06-04 08:32:27,229 - INFO - 25 رکورد جدید ذخیره شد، 0 تکراری
2026-06-04 08:32:54,926 - WARNING - ⏳ [target2] محدودیت نرخ – انتظار 60.0s
2026-06-04 08:34:18,731 - WARNING - ⏳ [target2] محدودیت نرخ – انتظار 60.0s
2026-06-04 08:35:42,969 - WARNING - ⏳ [target2] محدودیت نرخ – انتظار 60.0s
2026-06-04 08:37:06,665 - WARNING - ⏳ [target2] محدودیت نرخ – انتظار 60.0s
2026-06-04 08:38:31,286 - WARNING - ⏳ [target2] محدودیت نرخ – انتظار 60.0s
2026-06-04 08:39:54,521 - WARNING - ⏳ [target2] محدودیت نرخ – انتظار 60.0s
2026-06-04 08:41:26,635 - WARNING - ⏳ [target2] محدودیت نرخ – انتظار 60.0s
2026-06-04 08:43:16,689 - WARNING - ⏳ [target2] محدودیت نرخ – انتظار 60.0s
2026-06-04 08:45:15,610 - WARNING - ⏳ [target2] محدودیت نرخ – انتظار 60.0s
2026-06-04 08:47:06,653 - INFO - 22 رکورد جدید ذخیره شد، 0 تکراری
2026-06-04 08:47:06,852 - INFO - ✅ پیام تلگرام ارسال شد.
2026-06-04 08:47:06,860 - INFO - 📦 فایل دیتابیس زیپ شد: output/db_backup_20260604_084706.zip
2026-06-04 08:47:07,212 - INFO - ✅ فایل db_backup_20260604_084706.zip به تلگرام ارسال شد.
2026-06-04 08:47:07,213 - INFO - ☕ استراحت 5.9 دقیقه‌ای
2026-06-04 08:53:13,780 - INFO - ⚡ چرخه 4: انتخاب دسته 9 تایی
2026-06-04 08:53:51,718 - INFO - 1 رکورد جدید ذخیره شد، 0 تکراری
2026-06-04 08:53:51,895 - INFO - ✅ پیام تلگرام ارسال شد.
2026-06-04 08:54:00,478 - INFO - ⚡ چرخه 5: انتخاب دسته 149 تایی
2026-06-04 08:54:22,893 - WARNING - ⏳ [target1] محدودیت نرخ – انتظار 60.0s
2026-06-04 08:55:46,265 - WARNING - ⏳ [target1] محدودیت نرخ – انتظار 60.0s
2026-06-04 08:57:10,791 - WARNING - ⏳ [target1] محدودیت نرخ – انتظار 60.0s
2026-06-04 08:58:34,822 - WARNING - ⏳ [target1] محدودیت نرخ – انتظار 60.0s
2026-06-04 08:59:58,010 - WARNING - ⏳ [target1] محدودیت نرخ – انتظار 60.0s
2026-06-04 09:01:51,987 - WARNING - ⏳ [target1] محدودیت نرخ – انتظار 60.0s
2026-06-04 09:03:39,276 - WARNING - ⏳ [target1] محدودیت نرخ – انتظار 60.0s
2026-06-04 09:05:31,223 - INFO - 18 رکورد جدید ذخیره شد، 0 تکراری
2026-06-04 09:05:56,655 - WARNING - ⏳ [target2] محدودیت نرخ – انتظار 60.0s
2026-06-04 09:07:23,436 - WARNING - ⏳ [target2] محدودیت نرخ – انتظار 60.0s
2026-06-04 09:08:47,295 - WARNING - ⏳ [target2] محدودیت نرخ – انتظار 60.0s
2026-06-04 09:10:12,555 - WARNING - ⏳ [target2] محدودیت نرخ – انتظار 60.0s
2026-06-04 09:11:49,900 - WARNING - ⏳ [target2] محدودیت نرخ – انتظار 60.0s
2026-06-04 09:13:43,682 - WARNING - ⏳ [target2] محدودیت نرخ – انتظار 60.0s
2026-06-04 09:15:36,340 - WARNING - ⏳ [target2] محدودیت نرخ – انتظار 60.0s
2026-06-04 09:16:59,928 - INFO - 18 رکورد جدید ذخیره شد، 0 تکراری
2026-06-04 09:17:00,082 - INFO - ✅ پیام تلگرام ارسال شد.
2026-06-04 09:17:11,537 - INFO - ⚡ چرخه 6: انتخاب دسته 96 تایی
2026-06-04 09:17:37,188 - WARNING - ⏳ [target1] محدودیت نرخ – انتظار 60.0s
2026-06-04 09:19:01,188 - WARNING - ⏳ [target1] محدودیت نرخ – انتظار 60.0s
2026-06-04 09:20:23,157 - WARNING - ⏳ [target1] محدودیت نرخ – انتظار 60.0s
2026-06-04 09:22:14,422 - WARNING - ⏳ [target1] محدودیت نرخ – انتظار 60.0s
2026-06-04 09:24:05,669 - WARNING - ⏳ [target1] محدودیت نرخ – انتظار 60.0s
2026-06-04 09:25:05,876 - INFO - 13 رکورد جدید ذخیره شد، 0 تکراری
2026-06-04 09:25:32,998 - WARNING - ⏳ [target2] محدودیت نرخ – انتظار 60.0s
2026-06-04 09:26:57,614 - WARNING - ⏳ [target2] محدودیت نرخ – انتظار 60.0s
2026-06-04 09:28:21,398 - WARNING - ⏳ [target2] محدودیت نرخ – انتظار 60.0s
2026-06-04 09:30:06,959 - WARNING - ⏳ [target2] محدودیت نرخ – انتظار 60.0s
2026-06-04 09:32:06,821 - WARNING - ⏳ [target2] محدودیت نرخ – انتظار 60.0s
2026-06-04 09:33:24,106 - INFO - 14 رکورد جدید ذخیره شد، 0 تکراری
2026-06-04 09:33:24,228 - INFO - ✅ پیام تلگرام ارسال شد.
2026-06-04 09:33:24,236 - INFO - 📦 فایل دیتابیس زیپ شد: output/db_backup_20260604_093324.zip
2026-06-04 09:33:24,554 - INFO - ✅ فایل db_backup_20260604_093324.zip به تلگرام ارسال شد.
2026-06-04 09:33:37,377 - INFO - ⚡ چرخه 7: انتخاب دسته 46 تایی
2026-06-04 09:34:05,125 - WARNING - ⏳ [target1] محدودیت نرخ – انتظار 60.0s
2026-06-04 09:35:52,668 - WARNING - ⏳ [target1] محدودیت نرخ – انتظار 60.0s
2026-06-04 09:36:55,001 - INFO - 3 رکورد جدید ذخیره شد، 0 تکراری
2026-06-04 09:37:21,696 - WARNING - ⏳ [target2] محدودیت نرخ – انتظار 60.0s
2026-06-04 09:38:59,832 - WARNING - ⏳ [target2] محدودیت نرخ – انتظار 60.0s
2026-06-04 09:40:09,440 - INFO - 4 رکورد جدید ذخیره شد، 0 تکراری
2026-06-04 09:40:09,597 - INFO - ✅ پیام تلگرام ارسال شد.
2026-06-04 09:40:20,674 - INFO - ⚡ چرخه 8: انتخاب دسته 104 تایی
2026-06-04 09:40:46,956 - WARNING - ⏳ [target1] محدودیت نرخ – انتظار 60.0s
2026-06-04 09:42:09,809 - WARNING - ⏳ [target1] محدودیت نرخ – انتظار 60.0s
2026-06-04 09:43:35,316 - WARNING - ⏳ [target1] محدودیت نرخ – انتظار 60.0s
2026-06-04 09:44:35,382 - ERROR - ❌ [target1] خطا: ('Connection aborted.', RemoteDisconnected('Remote end closed connection without response'))
2026-06-04 09:45:28,405 - WARNING - ⏳ [target1] محدودیت نرخ – انتظار 60.0s
2026-06-04 09:47:18,071 - INFO - 10 رکورد جدید ذخیره شد، 0 تکراری
2026-06-04 09:47:43,310 - WARNING - ⏳ [target2] محدودیت نرخ – انتظار 60.0s
2026-06-04 09:49:07,459 - WARNING - ⏳ [target2] محدودیت نرخ – انتظار 60.0s
2026-06-04 09:50:32,945 - WARNING - ⏳ [target2] محدودیت نرخ – انتظار 60.0s
2026-06-04 09:52:20,107 - WARNING - ⏳ [target2] محدودیت نرخ – انتظار 60.0s
2026-06-04 09:54:24,536 - WARNING - ⏳ [target2] محدودیت نرخ – انتظار 60.0s
2026-06-04 09:56:05,005 - INFO - 16 رکورد جدید ذخیره شد، 0 تکراری
2026-06-04 09:56:05,232 - INFO - ✅ پیام تلگرام ارسال شد.
2026-06-04 09:56:16,936 - INFO - ⚡ چرخه 9: انتخاب دسته 95 تایی
2026-06-04 09:56:47,001 - WARNING - ⏳ [target1] محدودیت نرخ – انتظار 60.0s
2026-06-04 09:58:12,654 - WARNING - ⏳ [target1] محدودیت نرخ – انتظار 60.0s
2026-06-04 09:59:36,711 - WARNING - ⏳ [target1] محدودیت نرخ – انتظار 60.0s
2026-06-04 10:01:24,220 - WARNING - ⏳ [target1] محدودیت نرخ – انتظار 60.0s
2026-06-04 10:03:09,851 - INFO - 10 رکورد جدید ذخیره شد، 0 تکراری
2026-06-04 10:03:35,552 - WARNING - ⏳ [target2] محدودیت نرخ – انتظار 60.0s
2026-06-04 10:04:59,868 - WARNING - ⏳ [target2] محدودیت نرخ – انتظار 60.0s
2026-06-04 10:06:25,644 - WARNING - ⏳ [target2] محدودیت نرخ – انتظار 60.0s
2026-06-04 10:08:31,155 - WARNING - ⏳ [target2] محدودیت نرخ – انتظار 60.0s
2026-06-04 10:09:50,108 - INFO - 9 رکورد جدید ذخیره شد، 0 تکراری
2026-06-04 10:09:50,261 - INFO - ✅ پیام تلگرام ارسال شد.
2026-06-04 10:09:50,272 - INFO - 📦 فایل دیتابیس زیپ شد: output/db_backup_20260604_100950.zip
2026-06-04 10:09:50,735 - INFO - ✅ فایل db_backup_20260604_100950.zip به تلگرام ارسال شد.
2026-06-04 10:09:59,685 - INFO - ⚡ چرخه 10: انتخاب دسته 105 تایی
2026-06-04 10:10:26,518 - WARNING - ⏳ [target1] محدودیت نرخ – انتظار 60.0s
2026-06-04 10:11:26,576 - ERROR - ❌ [target1] خطا: ('Connection aborted.', RemoteDisconnected('Remote end closed connection without response'))
2026-06-04 10:11:53,157 - WARNING - ⏳ [target1] محدودیت نرخ – انتظار 60.0s
2026-06-04 10:13:16,561 - WARNING - ⏳ [target1] محدودیت نرخ – انتظار 60.0s
2026-06-04 10:15:06,013 - WARNING - ⏳ [target1] محدودیت نرخ – انتظار 60.0s
2026-06-04 10:17:01,264 - WARNING - ⏳ [target1] محدودیت نرخ – انتظار 60.0s
2026-06-04 10:18:39,869 - INFO - 15 رکورد جدید ذخیره شد، 0 تکراری
2026-06-04 10:19:07,970 - WARNING - ⏳ [target2] محدودیت نرخ – انتظار 60.0s
2026-06-04 10:20:34,009 - WARNING - ⏳ [target2] محدودیت نرخ – انتظار 60.0s
2026-06-04 10:21:59,904 - WARNING - ⏳ [target2] محدودیت نرخ – انتظار 60.0s
2026-06-04 10:23:48,850 - WARNING - ⏳ [target2] محدودیت نرخ – انتظار 60.0s
2026-06-04 10:25:40,109 - INFO - 10 رکورد جدید ذخیره شد، 0 تکراری
2026-06-04 10:25:41,297 - INFO - ✅ پیام تلگرام ارسال شد.
2026-06-04 10:25:41,298 - INFO - ☕ استراحت 5.3 دقیقه‌ای
2026-06-04 10:31:07,012 - INFO - ⚡ چرخه 11: انتخاب دسته 19 تایی
2026-06-04 10:31:38,277 - INFO - 1 رکورد جدید ذخیره شد، 0 تکراری
2026-06-04 10:32:29,185 - WARNING - ⏳ [target2] محدودیت نرخ – انتظار 60.0s
2026-06-04 10:33:29,662 - INFO - 3 رکورد جدید ذخیره شد، 0 تکراری
2026-06-04 10:33:36,930 - ERROR - ❌ خطا در اتصال تلگرام (پیام): Cannot connect to host api.telegram.org:443 ssl:default [Multiple exceptions: [Errno 110] Connect call failed ('2001:67c:4e8:f004::9', 443, 0, 0), [Errno 110] Connect call failed ('149.154.166.110', 443)]
2026-06-04 10:33:46,259 - INFO - ⚡ چرخه 12: انتخاب دسته 76 تایی
2026-06-04 10:34:14,227 - WARNING - ⏳ [target1] محدودیت نرخ – انتظار 60.0s
2026-06-04 10:35:38,167 - WARNING - ⏳ [target1] محدودیت نرخ – انتظار 60.0s
2026-06-04 10:37:27,957 - WARNING - ⏳ [target1] محدودیت نرخ – انتظار 60.0s
2026-06-04 10:38:51,776 - INFO - 7 رکورد جدید ذخیره شد، 0 تکراری
2026-06-04 10:39:19,982 - WARNING - ⏳ [target2] محدودیت نرخ – انتظار 60.0s
2026-06-04 10:40:46,581 - WARNING - ⏳ [target2] محدودیت نرخ – انتظار 60.0s
2026-06-04 10:42:35,285 - WARNING - ⏳ [target2] محدودیت نرخ – انتظار 60.0s
2026-06-04 10:43:57,338 - INFO - 6 رکورد جدید ذخیره شد، 0 تکراری
2026-06-04 10:43:57,498 - INFO - ✅ پیام تلگرام ارسال شد.
2026-06-04 10:43:57,507 - INFO - 📦 فایل دیتابیس زیپ شد: output/db_backup_20260604_104357.zip
2026-06-04 10:43:57,962 - INFO - ✅ فایل db_backup_20260604_104357.zip به تلگرام ارسال شد.
2026-06-04 10:43:57,964 - INFO - ☕ استراحت 12.9 دقیقه‌ای
2026-06-04 10:57:03,715 - INFO - ⚡ چرخه 13: انتخاب دسته 53 تایی
2026-06-04 10:57:29,898 - WARNING - ⏳ [target1] محدودیت نرخ – انتظار 60.0s
2026-06-04 10:59:02,548 - WARNING - ⏳ [target1] محدودیت نرخ – انتظار 60.0s
2026-06-04 11:00:34,107 - INFO - 5 رکورد جدید ذخیره شد، 0 تکراری
2026-06-04 11:01:00,708 - WARNING - ⏳ [target2] محدودیت نرخ – انتظار 60.0s
2026-06-04 11:02:37,561 - WARNING - ⏳ [target2] محدودیت نرخ – انتظار 60.0s
2026-06-04 11:04:07,608 - INFO - 5 رکورد جدید ذخیره شد، 0 تکراری
2026-06-04 11:04:07,801 - INFO - ✅ پیام تلگرام ارسال شد.
2026-06-04 11:04:18,364 - INFO - ⚡ چرخه 14: انتخاب دسته 108 تایی
2026-06-04 11:04:44,932 - WARNING - ⏳ [target1] محدودیت نرخ – انتظار 60.0s
2026-06-04 11:06:09,768 - WARNING - ⏳ [target1] محدودیت نرخ – انتظار 60.0s
2026-06-04 11:07:35,421 - WARNING - ⏳ [target1] محدودیت نرخ – انتظار 60.0s
2026-06-04 11:09:25,195 - WARNING - ⏳ [target1] محدودیت نرخ – انتظار 60.0s
2026-06-04 11:11:23,404 - WARNING - ⏳ [target1] محدودیت نرخ – انتظار 60.0s
2026-06-04 11:13:14,387 - WARNING - ⏳ [target1] محدودیت نرخ – انتظار 60.0s
2026-06-04 11:14:25,770 - INFO - 18 رکورد جدید ذخیره شد، 0 تکراری
2026-06-04 11:14:52,806 - WARNING - ⏳ [target2] محدودیت نرخ – انتظار 60.0s
2026-06-04 11:16:16,541 - WARNING - ⏳ [target2] محدودیت نرخ – انتظار 60.0s
2026-06-04 11:17:40,569 - WARNING - ⏳ [target2] محدودیت نرخ – انتظار 60.0s
2026-06-04 11:19:20,522 - WARNING - ⏳ [target2] محدودیت نرخ – انتظار 60.0s
2026-06-04 11:21:17,348 - WARNING - ⏳ [target2] محدودیت نرخ – انتظار 60.0s
2026-06-04 11:22:19,798 - INFO - 9 رکورد جدید ذخیره شد، 0 تکراری
2026-06-04 11:22:19,958 - INFO - ✅ پیام تلگرام ارسال شد.
2026-06-04 11:22:33,626 - INFO - ⚡ چرخه 15: انتخاب دسته 71 تایی
2026-06-04 11:22:59,459 - WARNING - ⏳ [target1] محدودیت نرخ – انتظار 60.0s
2026-06-04 11:24:23,410 - WARNING - ⏳ [target1] محدودیت نرخ – انتظار 60.0s
2026-06-04 11:26:13,385 - WARNING - ⏳ [target1] محدودیت نرخ – انتظار 60.0s
2026-06-04 11:27:34,315 - INFO - 6 رکورد جدید ذخیره شد، 0 تکراری
2026-06-04 11:28:01,536 - WARNING - ⏳ [target2] محدودیت نرخ – انتظار 60.0s
2026-06-04 11:29:26,480 - WARNING - ⏳ [target2] محدودیت نرخ – انتظار 60.0s
2026-06-04 11:31:04,417 - WARNING - ⏳ [target2] محدودیت نرخ – انتظار 60.0s
2026-06-04 11:32:20,772 - INFO - 6 رکورد جدید ذخیره شد، 0 تکراری
2026-06-04 11:32:20,975 - INFO - ✅ پیام تلگرام ارسال شد.
2026-06-04 11:32:20,984 - INFO - 📦 فایل دیتابیس زیپ شد: output/db_backup_20260604_113220.zip
2026-06-04 11:32:21,320 - INFO - ✅ فایل db_backup_20260604_113220.zip به تلگرام ارسال شد.
2026-06-04 11:32:21,321 - INFO - ☕ استراحت 14.9 دقیقه‌ای
2026-06-04 11:47:20,755 - INFO - ⚡ چرخه 16: انتخاب دسته 141 تایی
2026-06-04 11:47:46,063 - WARNING - ⏳ [target1] محدودیت نرخ – انتظار 60.0s
2026-06-04 11:49:12,564 - WARNING - ⏳ [target1] محدودیت نرخ – انتظار 60.0s
2026-06-04 11:50:37,634 - WARNING - ⏳ [target1] محدودیت نرخ – انتظار 60.0s
2026-06-04 11:52:02,558 - WARNING - ⏳ [target1] محدودیت نرخ – انتظار 60.0s
2026-06-04 11:53:32,857 - WARNING - ⏳ [target1] محدودیت نرخ – انتظار 60.0s
2026-06-04 11:56:10,433 - INFO - 12 رکورد جدید ذخیره شد، 0 تکراری
2026-06-04 11:56:36,470 - WARNING - ⏳ [target2] محدودیت نرخ – انتظار 60.0s
2026-06-04 11:57:59,768 - WARNING - ⏳ [target2] محدودیت نرخ – انتظار 60.0s
2026-06-04 11:59:23,704 - WARNING - ⏳ [target2] محدودیت نرخ – انتظار 60.0s
2026-06-04 12:00:48,744 - WARNING - ⏳ [target2] محدودیت نرخ – انتظار 60.0s
2026-06-04 12:02:27,416 - WARNING - ⏳ [target2] محدودیت نرخ – انتظار 60.0s
2026-06-04 12:04:23,004 - WARNING - ⏳ [target2] محدودیت نرخ – انتظار 60.0s
2026-06-04 12:06:25,023 - WARNING - ⏳ [target2] محدودیت نرخ – انتظار 60.0s
2026-06-04 12:07:47,766 - INFO - 18 رکورد جدید ذخیره شد، 0 تکراری
2026-06-04 12:07:47,907 - INFO - ✅ پیام تلگرام ارسال شد.
2026-06-04 12:08:02,196 - INFO - پنجرهٔ فعالیت تمام شد. انتظار برای پنجرهٔ بعدی...
2026-06-04 12:08:02,196 - INFO - ⏰ خواب تا شروع پنجرهٔ 13.97 (80 دقیقه)
2026-06-04 13:28:11,916 - INFO - ⚡ چرخه 17: انتخاب دسته 30 تایی
2026-06-04 13:28:41,097 - WARNING - ⏳ [target1] محدودیت نرخ – انتظار 60.0s
2026-06-04 13:30:10,467 - INFO - 3 رکورد جدید ذخیره شد، 0 تکراری
2026-06-04 13:30:34,766 - WARNING - ⏳ [target2] محدودیت نرخ – انتظار 60.0s
2026-06-04 13:32:11,267 - INFO - 3 رکورد جدید ذخیره شد، 0 تکراری
2026-06-04 13:32:11,421 - INFO - ✅ پیام تلگرام ارسال شد.
2026-06-04 13:32:11,422 - INFO - ☕ استراحت 5.2 دقیقه‌ای
2026-06-04 13:37:31,127 - INFO - ⚡ چرخه 18: انتخاب دسته 101 تایی
2026-06-04 13:37:57,369 - WARNING - ⏳ [target1] محدودیت نرخ – انتظار 60.0s
2026-06-04 13:39:22,210 - WARNING - ⏳ [target1] محدودیت نرخ – انتظار 60.0s
2026-06-04 13:40:46,118 - WARNING - ⏳ [target1] محدودیت نرخ – انتظار 60.0s
2026-06-04 13:42:42,331 - WARNING - ⏳ [target1] محدودیت نرخ – انتظار 60.0s
2026-06-04 13:44:54,295 - WARNING - ⏳ [target1] محدودیت نرخ – انتظار 60.0s
2026-06-04 13:46:20,623 - INFO - 15 رکورد جدید ذخیره شد، 0 تکراری
2026-06-04 13:46:48,555 - WARNING - ⏳ [target2] محدودیت نرخ – انتظار 60.0s
2026-06-04 13:48:12,467 - WARNING - ⏳ [target2] محدودیت نرخ – انتظار 60.0s
2026-06-04 13:49:36,771 - WARNING - ⏳ [target2] محدودیت نرخ – انتظار 60.0s
2026-06-04 13:51:33,310 - WARNING - ⏳ [target2] محدودیت نرخ – انتظار 60.0s
2026-06-04 13:53:23,764 - INFO - 10 رکورد جدید ذخیره شد، 0 تکراری
2026-06-04 13:53:23,924 - INFO - ✅ پیام تلگرام ارسال شد.
2026-06-04 13:53:23,934 - INFO - 📦 فایل دیتابیس زیپ شد: output/db_backup_20260604_135323.zip
2026-06-04 13:53:31,203 - ERROR - ❌ خطا در اتصال تلگرام (فایل): Cannot connect to host api.telegram.org:443 ssl:default [Multiple exceptions: [Errno 110] Connect call failed ('2001:67c:4e8:f004::9', 443, 0, 0), [Errno 110] Connect call failed ('149.154.166.110', 443)]
2026-06-04 13:53:31,204 - INFO - ☕ استراحت 17.6 دقیقه‌ای
2026-06-04 14:11:17,710 - INFO - ⚡ چرخه 19: انتخاب دسته 44 تایی
2026-06-04 14:11:44,680 - WARNING - ⏳ [target1] محدودیت نرخ – انتظار 60.0s
2026-06-04 14:13:36,111 - WARNING - ⏳ [target1] محدودیت نرخ – انتظار 60.0s
2026-06-04 14:15:08,743 - INFO - 8 رکورد جدید ذخیره شد، 0 تکراری
2026-06-04 14:15:36,707 - WARNING - ⏳ [target2] محدودیت نرخ – انتظار 60.0s
2026-06-04 14:17:26,343 - WARNING - ⏳ [target2] محدودیت نرخ – انتظار 60.0s
2026-06-04 14:18:48,691 - INFO - 6 رکورد جدید ذخیره شد، 0 تکراری
2026-06-04 14:18:55,954 - ERROR - ❌ خطا در اتصال تلگرام (پیام): Cannot connect to host api.telegram.org:443 ssl:default [Multiple exceptions: [Errno 110] Connect call failed ('2001:67c:4e8:f004::9', 443, 0, 0), [Errno 110] Connect call failed ('149.154.166.110', 443)]
2026-06-04 14:19:02,681 - INFO - ⚡ چرخه 20: انتخاب دسته 170 تایی
2026-06-04 14:19:28,895 - WARNING - ⏳ [target1] محدودیت نرخ – انتظار 60.0s
2026-06-04 14:20:54,985 - WARNING - ⏳ [target1] محدودیت نرخ – انتظار 60.0s
2026-06-04 14:22:21,341 - WARNING - ⏳ [target1] محدودیت نرخ – انتظار 60.0s
2026-06-04 14:23:47,022 - WARNING - ⏳ [target1] محدودیت نرخ – انتظار 60.0s
2026-06-04 14:25:12,207 - WARNING - ⏳ [target1] محدودیت نرخ – انتظار 60.0s
2026-06-04 14:26:52,560 - WARNING - ⏳ [target1] محدودیت نرخ – انتظار 60.0s
2026-06-04 14:28:42,329 - WARNING - ⏳ [target1] محدودیت نرخ – انتظار 60.0s
2026-06-04 14:30:36,629 - WARNING - ⏳ [target1] محدودیت نرخ – انتظار 60.0s
2026-06-04 14:32:21,657 - INFO - 21 رکورد جدید ذخیره شد، 0 تکراری
2026-06-04 14:32:51,655 - WARNING - ⏳ [target2] محدودیت نرخ – انتظار 60.0s
2026-06-04 14:34:16,545 - WARNING - ⏳ [target2] محدودیت نرخ – انتظار 60.0s
2026-06-04 14:35:41,818 - WARNING - ⏳ [target2] محدودیت نرخ – انتظار 60.0s
2026-06-04 14:37:05,811 - WARNING - ⏳ [target2] محدودیت نرخ – انتظار 60.0s
2026-06-04 14:38:29,709 - WARNING - ⏳ [target2] محدودیت نرخ – انتظار 60.0s
2026-06-04 14:39:37,304 - ERROR - ❌ [target2] خطا: Expecting value: line 1 column 1 (char 0)
2026-06-04 14:40:17,719 - WARNING - ⏳ [target2] محدودیت نرخ – انتظار 60.0s
2026-06-04 14:43:04,927 - INFO - 15 رکورد جدید ذخیره شد، 0 تکراری
2026-06-04 14:43:05,117 - INFO - ✅ پیام تلگرام ارسال شد.
2026-06-04 14:43:16,854 - INFO - ⚡ چرخه 21: انتخاب دسته 13 تایی
2026-06-04 14:43:53,483 - WARNING - ⏳ [target1] محدودیت نرخ – انتظار 60.0s
2026-06-04 14:45:02,445 - INFO - 4 رکورد جدید ذخیره شد، 0 تکراری
2026-06-04 14:45:30,616 - INFO - 2 رکورد جدید ذخیره شد، 0 تکراری
2026-06-04 14:45:30,805 - INFO - ✅ پیام تلگرام ارسال شد.
2026-06-04 14:45:30,815 - INFO - 📦 فایل دیتابیس زیپ شد: output/db_backup_20260604_144530.zip
2026-06-04 14:45:31,183 - INFO - ✅ فایل db_backup_20260604_144530.zip به تلگرام ارسال شد.
2026-06-04 14:45:42,001 - INFO - ⚡ چرخه 22: انتخاب دسته 176 تایی
2026-06-04 14:46:09,223 - WARNING - ⏳ [target1] محدودیت نرخ – انتظار 60.0s
2026-06-04 14:47:35,759 - WARNING - ⏳ [target1] محدودیت نرخ – انتظار 60.0s
2026-06-04 14:48:39,031 - ERROR - ❌ [target1] خطا: ('Connection aborted.', RemoteDisconnected('Remote end closed connection without response'))
2026-06-04 14:49:03,074 - WARNING - ⏳ [target1] محدودیت نرخ – انتظار 60.0s
2026-06-04 14:50:26,384 - WARNING - ⏳ [target1] محدودیت نرخ – انتظار 60.0s
2026-06-04 14:51:49,832 - WARNING - ⏳ [target1] محدودیت نرخ – انتظار 60.0s
2026-06-04 14:53:28,269 - WARNING - ⏳ [target1] محدودیت نرخ – انتظار 60.0s
2026-06-04 14:55:22,672 - WARNING - ⏳ [target1] محدودیت نرخ – انتظار 60.0s
2026-06-04 14:57:07,650 - INFO - 14 رکورد جدید ذخیره شد، 0 تکراری
2026-06-04 14:57:34,915 - WARNING - ⏳ [target2] محدودیت نرخ – انتظار 60.0s
2026-06-04 14:58:59,694 - WARNING - ⏳ [target2] محدودیت نرخ – انتظار 60.0s
2026-06-04 15:00:24,556 - WARNING - ⏳ [target2] محدودیت نرخ – انتظار 60.0s
2026-06-04 15:01:50,216 - WARNING - ⏳ [target2] محدودیت نرخ – انتظار 60.0s
2026-06-04 15:03:16,950 - WARNING - ⏳ [target2] محدودیت نرخ – انتظار 60.0s
2026-06-04 15:04:53,642 - WARNING - ⏳ [target2] محدودیت نرخ – انتظار 60.0s
2026-06-04 15:06:36,966 - WARNING - ⏳ [target2] محدودیت نرخ – انتظار 60.0s
2026-06-04 15:08:56,026 - WARNING - ⏳ [target2] محدودیت نرخ – انتظار 60.0s
2026-06-04 15:10:06,267 - INFO - 16 رکورد جدید ذخیره شد، 0 تکراری
2026-06-04 15:10:06,470 - INFO - ✅ پیام تلگرام ارسال شد.
2026-06-04 15:10:13,360 - INFO - ⚡ چرخه 23: انتخاب دسته 18 تایی
2026-06-04 15:10:50,107 - WARNING - ⏳ [target1] محدودیت نرخ – انتظار 60.0s
2026-06-04 15:12:27,820 - INFO - 3 رکورد جدید ذخیره شد، 0 تکراری
2026-06-04 15:12:50,713 - INFO - ✅ پیام تلگرام ارسال شد.
2026-06-04 15:12:59,877 - INFO - ⚡ چرخه 24: انتخاب دسته 27 تایی
2026-06-04 15:13:37,852 - WARNING - ⏳ [target1] محدودیت نرخ – انتظار 60.0s
2026-06-04 15:15:06,359 - INFO - 4 رکورد جدید ذخیره شد، 0 تکراری
2026-06-04 15:15:39,569 - WARNING - ⏳ [target2] محدودیت نرخ – انتظار 60.0s
2026-06-04 15:16:53,948 - INFO - 2 رکورد جدید ذخیره شد، 0 تکراری
2026-06-04 15:16:54,153 - INFO - ✅ پیام تلگرام ارسال شد.
2026-06-04 15:16:54,166 - INFO - 📦 فایل دیتابیس زیپ شد: output/db_backup_20260604_151654.zip
2026-06-04 15:16:54,579 - INFO - ✅ فایل db_backup_20260604_151654.zip به تلگرام ارسال شد.
2026-06-04 15:17:02,853 - INFO - ⚡ چرخه 25: انتخاب دسته 187 تایی
2026-06-04 15:17:33,088 - WARNING - ⏳ [target1] محدودیت نرخ – انتظار 60.0s
2026-06-04 15:18:59,417 - WARNING - ⏳ [target1] محدودیت نرخ – انتظار 60.0s
2026-06-04 15:20:24,804 - WARNING - ⏳ [target1] محدودیت نرخ – انتظار 60.0s
2026-06-04 15:21:50,998 - WARNING - ⏳ [target1] محدودیت نرخ – انتظار 60.0s
2026-06-04 15:23:16,650 - WARNING - ⏳ [target1] محدودیت نرخ – انتظار 60.0s
2026-06-04 15:24:41,598 - WARNING - ⏳ [target1] محدودیت نرخ – انتظار 60.0s
2026-06-04 15:26:34,506 - WARNING - ⏳ [target1] محدودیت نرخ – انتظار 60.0s
2026-06-04 15:28:31,035 - WARNING - ⏳ [target1] محدودیت نرخ – انتظار 60.0s
2026-06-04 15:30:07,046 - INFO - 16 رکورد جدید ذخیره شد، 0 تکراری
2026-06-04 15:30:34,121 - WARNING - ⏳ [target2] محدودیت نرخ – انتظار 60.0s
2026-06-04 15:32:01,291 - WARNING - ⏳ [target2] محدودیت نرخ – انتظار 60.0s
2026-06-04 15:33:27,410 - WARNING - ⏳ [target2] محدودیت نرخ – انتظار 60.0s
2026-06-04 15:34:53,806 - WARNING - ⏳ [target2] محدودیت نرخ – انتظار 60.0s
2026-06-04 15:36:19,132 - WARNING - ⏳ [target2] محدودیت نرخ – انتظار 60.0s
2026-06-04 15:37:43,589 - WARNING - ⏳ [target2] محدودیت نرخ – انتظار 60.0s
2026-06-04 15:39:43,009 - WARNING - ⏳ [target2] محدودیت نرخ – انتظار 60.0s
2026-06-04 15:41:32,155 - WARNING - ⏳ [target2] محدودیت نرخ – انتظار 60.0s
2026-06-04 15:43:19,919 - INFO - 18 رکورد جدید ذخیره شد، 0 تکراری
2026-06-04 15:43:20,114 - INFO - ✅ پیام تلگرام ارسال شد.
2026-06-04 15:43:34,190 - INFO - ⚡ چرخه 26: انتخاب دسته 132 تایی
2026-06-04 15:44:00,422 - WARNING - ⏳ [target1] محدودیت نرخ – انتظار 60.0s
2026-06-04 15:45:24,985 - WARNING - ⏳ [target1] محدودیت نرخ – انتظار 60.0s
2026-06-04 15:46:50,615 - WARNING - ⏳ [target1] محدودیت نرخ – انتظار 60.0s
2026-06-04 15:48:16,286 - WARNING - ⏳ [target1] محدودیت نرخ – انتظار 60.0s
2026-06-04 15:50:07,073 - WARNING - ⏳ [target1] محدودیت نرخ – انتظار 60.0s
2026-06-04 15:52:00,876 - WARNING - ⏳ [target1] محدودیت نرخ – انتظار 60.0s
2026-06-04 15:53:51,515 - WARNING - ⏳ [target1] محدودیت نرخ – انتظار 60.0s
2026-06-04 15:55:01,287 - INFO - 17 رکورد جدید ذخیره شد، 0 تکراری
2026-06-04 15:55:28,572 - WARNING - ⏳ [target2] محدودیت نرخ – انتظار 60.0s
2026-06-04 15:56:53,142 - WARNING - ⏳ [target2] محدودیت نرخ – انتظار 60.0s
2026-06-04 15:58:16,684 - WARNING - ⏳ [target2] محدودیت نرخ – انتظار 60.0s
2026-06-04 15:59:42,626 - WARNING - ⏳ [target2] محدودیت نرخ – انتظار 60.0s
2026-06-04 16:01:32,122 - WARNING - ⏳ [target2] محدودیت نرخ – انتظار 60.0s
2026-06-04 16:03:35,263 - WARNING - ⏳ [target2] محدودیت نرخ – انتظار 60.0s
2026-06-04 16:05:01,152 - INFO - 14 رکورد جدید ذخیره شد، 0 تکراری
2026-06-04 16:05:01,313 - INFO - ✅ پیام تلگرام ارسال شد.
2026-06-04 16:05:08,960 - INFO - ⚡ چرخه 27: انتخاب دسته 123 تایی
2026-06-04 16:05:34,951 - WARNING - ⏳ [target1] محدودیت نرخ – انتظار 60.0s
2026-06-04 16:06:58,169 - WARNING - ⏳ [target1] محدودیت نرخ – انتظار 60.0s
2026-06-04 16:08:21,576 - WARNING - ⏳ [target1] محدودیت نرخ – انتظار 60.0s
2026-06-04 16:09:44,780 - WARNING - ⏳ [target1] محدودیت نرخ – انتظار 60.0s
2026-06-04 16:11:36,441 - WARNING - ⏳ [target1] محدودیت نرخ – انتظار 60.0s
2026-06-04 16:13:02,638 - INFO - 9 رکورد جدید ذخیره شد، 0 تکراری
2026-06-04 16:13:31,204 - WARNING - ⏳ [target2] محدودیت نرخ – انتظار 60.0s
2026-06-04 16:14:56,731 - WARNING - ⏳ [target2] محدودیت نرخ – انتظار 60.0s
2026-06-04 16:16:23,207 - WARNING - ⏳ [target2] محدودیت نرخ – انتظار 60.0s
2026-06-04 16:17:48,021 - WARNING - ⏳ [target2] محدودیت نرخ – انتظار 60.0s
2026-06-04 16:19:52,813 - WARNING - ⏳ [target2] محدودیت نرخ – انتظار 60.0s
2026-06-04 16:21:50,240 - WARNING - ⏳ [target2] محدودیت نرخ – انتظار 60.0s
2026-06-04 16:23:20,300 - INFO - 18 رکورد جدید ذخیره شد، 0 تکراری
2026-06-04 16:23:20,428 - INFO - ✅ پیام تلگرام ارسال شد.
2026-06-04 16:23:20,441 - INFO - 📦 فایل دیتابیس زیپ شد: output/db_backup_20260604_162320.zip
2026-06-04 16:23:20,842 - INFO - ✅ فایل db_backup_20260604_162320.zip به تلگرام ارسال شد.
2026-06-04 16:23:29,365 - INFO - ⚡ چرخه 28: انتخاب دسته 105 تایی
2026-06-04 16:23:56,125 - WARNING - ⏳ [target1] محدودیت نرخ – انتظار 60.0s
2026-06-04 16:25:21,065 - WARNING - ⏳ [target1] محدودیت نرخ – انتظار 60.0s
2026-06-04 16:26:45,792 - WARNING - ⏳ [target1] محدودیت نرخ – انتظار 60.0s
2026-06-04 16:28:26,251 - WARNING - ⏳ [target1] محدودیت نرخ – انتظار 60.0s
2026-06-04 16:30:24,376 - WARNING - ⏳ [target1] محدودیت نرخ – انتظار 60.0s
2026-06-04 16:32:03,951 - INFO - 14 رکورد جدید ذخیره شد، 0 تکراری
2026-06-04 16:32:31,217 - WARNING - ⏳ [target2] محدودیت نرخ – انتظار 60.0s
2026-06-04 16:33:57,345 - WARNING - ⏳ [target2] محدودیت نرخ – انتظار 60.0s
2026-06-04 16:35:22,172 - WARNING - ⏳ [target2] محدودیت نرخ – انتظار 60.0s
2026-06-04 16:37:10,024 - WARNING - ⏳ [target2] محدودیت نرخ – انتظار 60.0s
2026-06-04 16:39:02,798 - WARNING - ⏳ [target2] محدودیت نرخ – انتظار 60.0s
2026-06-04 16:40:47,469 - INFO - 16 رکورد جدید ذخیره شد، 0 تکراری
2026-06-04 16:40:47,645 - INFO - ✅ پیام تلگرام ارسال شد.
2026-06-04 16:41:01,023 - INFO - ⚡ چرخه 29: انتخاب دسته 190 تایی
2026-06-04 16:41:29,498 - WARNING - ⏳ [target1] محدودیت نرخ – انتظار 60.0s
2026-06-04 16:42:55,095 - WARNING - ⏳ [target1] محدودیت نرخ – انتظار 60.0s
2026-06-04 16:44:21,904 - WARNING - ⏳ [target1] محدودیت نرخ – انتظار 60.0s
2026-06-04 16:45:50,181 - WARNING - ⏳ [target1] محدودیت نرخ – انتظار 60.0s
2026-06-04 16:47:17,453 - WARNING - ⏳ [target1] محدودیت نرخ – انتظار 60.0s
2026-06-04 16:48:46,374 - WARNING - ⏳ [target1] محدودیت نرخ – انتظار 60.0s
2026-06-04 16:50:52,223 - WARNING - ⏳ [target1] محدودیت نرخ – انتظار 60.0s
2026-06-04 16:53:07,318 - WARNING - ⏳ [target1] محدودیت نرخ – انتظار 60.0s
2026-06-04 16:55:03,835 - WARNING - ⏳ [target1] محدودیت نرخ – انتظار 60.0s
2026-06-04 16:56:34,909 - INFO - 23 رکورد جدید ذخیره شد، 0 تکراری
2026-06-04 16:57:03,558 - WARNING - ⏳ [target2] محدودیت نرخ – انتظار 60.0s
2026-06-04 16:58:31,362 - WARNING - ⏳ [target2] محدودیت نرخ – انتظار 60.0s
2026-06-04 16:59:57,425 - WARNING - ⏳ [target2] محدودیت نرخ – انتظار 60.0s
2026-06-04 17:01:23,214 - WARNING - ⏳ [target2] محدودیت نرخ – انتظار 60.0s
2026-06-04 17:02:49,820 - WARNING - ⏳ [target2] محدودیت نرخ – انتظار 60.0s
2026-06-04 17:04:19,229 - WARNING - ⏳ [target2] محدودیت نرخ – انتظار 60.0s
2026-06-04 17:06:05,551 - WARNING - ⏳ [target2] محدودیت نرخ – انتظار 60.0s
2026-06-04 17:08:22,358 - WARNING - ⏳ [target2] محدودیت نرخ – انتظار 60.0s
2026-06-04 17:09:23,047 - INFO - 14 رکورد جدید ذخیره شد، 0 تکراری
2026-06-04 17:09:30,322 - ERROR - ❌ خطا در اتصال تلگرام (پیام): Cannot connect to host api.telegram.org:443 ssl:default [Multiple exceptions: [Errno 110] Connect call failed ('2001:67c:4e8:f004::9', 443, 0, 0), [Errno 110] Connect call failed ('149.154.166.110', 443)]
2026-06-04 17:09:30,322 - INFO - ☕ استراحت 19.3 دقیقه‌ای
2026-06-04 17:28:45,807 - INFO - پنجرهٔ فعالیت تمام شد. انتظار برای پنجرهٔ بعدی...
2026-06-04 17:28:45,807 - INFO - ⏰ خواب تا شروع پنجرهٔ 19.27 (78 دقیقه)
2026-06-04 18:47:05,970 - INFO - ⚡ چرخه 30: انتخاب دسته 74 تایی
2026-06-04 18:47:35,707 - WARNING - ⏳ [target1] محدودیت نرخ – انتظار 60.0s
2026-06-04 18:49:00,195 - WARNING - ⏳ [target1] محدودیت نرخ – انتظار 60.0s
2026-06-04 18:50:54,154 - WARNING - ⏳ [target1] محدودیت نرخ – انتظار 60.0s
2026-06-04 18:52:37,369 - INFO - 9 رکورد جدید ذخیره شد، 0 تکراری
2026-06-04 18:53:05,199 - WARNING - ⏳ [target2] محدودیت نرخ – انتظار 60.0s
2026-06-04 18:54:30,589 - WARNING - ⏳ [target2] محدودیت نرخ – انتظار 60.0s
2026-06-04 18:56:21,052 - WARNING - ⏳ [target2] محدودیت نرخ – انتظار 60.0s
2026-06-04 18:57:29,901 - INFO - 4 رکورد جدید ذخیره شد، 0 تکراری
2026-06-04 18:57:30,079 - INFO - ✅ پیام تلگرام ارسال شد.
2026-06-04 18:57:30,092 - INFO - 📦 فایل دیتابیس زیپ شد: output/db_backup_20260604_185730.zip
2026-06-04 18:57:30,504 - INFO - ✅ فایل db_backup_20260604_185730.zip به تلگرام ارسال شد.
2026-06-04 18:57:39,953 - INFO - ⚡ چرخه 31: انتخاب دسته 54 تایی
2026-06-04 18:58:08,198 - WARNING - ⏳ [target1] محدودیت نرخ – انتظار 60.0s
2026-06-04 18:59:43,814 - WARNING - ⏳ [target1] محدودیت نرخ – انتظار 60.0s
2026-06-04 19:01:37,570 - WARNING - ⏳ [target1] محدودیت نرخ – انتظار 60.0s
2026-06-04 19:02:47,982 - INFO - 8 رکورد جدید ذخیره شد، 0 تکراری
2026-06-04 19:03:16,505 - WARNING - ⏳ [target2] محدودیت نرخ – انتظار 60.0s
2026-06-04 19:04:46,005 - WARNING - ⏳ [target2] محدودیت نرخ – انتظار 60.0s
2026-06-04 19:06:43,974 - WARNING - ⏳ [target2] محدودیت نرخ – انتظار 60.0s
2026-06-04 19:07:46,322 - INFO - 9 رکورد جدید ذخیره شد، 0 تکراری
2026-06-04 19:07:46,457 - INFO - ✅ پیام تلگرام ارسال شد.
2026-06-04 19:07:57,961 - INFO - ⚡ چرخه 32: انتخاب دسته 27 تایی
2026-06-04 19:08:34,695 - WARNING - ⏳ [target1] محدودیت نرخ – انتظار 60.0s
2026-06-04 19:09:45,623 - INFO - 2 رکورد جدید ذخیره شد، 0 تکراری
2026-06-04 19:10:19,674 - WARNING - ⏳ [target2] محدودیت نرخ – انتظار 60.0s
2026-06-04 19:11:45,731 - INFO - 4 رکورد جدید ذخیره شد، 0 تکراری
2026-06-04 19:11:45,900 - INFO - ✅ پیام تلگرام ارسال شد.
2026-06-04 19:11:56,240 - INFO - ⚡ چرخه 33: انتخاب دسته 26 تایی
2026-06-04 19:12:35,239 - WARNING - ⏳ [target1] محدودیت نرخ – انتظار 60.0s
2026-06-04 19:13:52,218 - INFO - 3 رکورد جدید ذخیره شد، 0 تکراری
2026-06-04 19:14:32,810 - WARNING - ⏳ [target2] محدودیت نرخ – انتظار 60.0s
2026-06-04 19:15:43,661 - INFO - 2 رکورد جدید ذخیره شد، 0 تکراری
2026-06-04 19:15:50,930 - ERROR - ❌ خطا در اتصال تلگرام (پیام): Cannot connect to host api.telegram.org:443 ssl:default [Multiple exceptions: [Errno 110] Connect call failed ('2001:67c:4e8:f004::9', 443, 0, 0), [Errno 110] Connect call failed ('149.154.166.110', 443)]
2026-06-04 19:15:50,942 - INFO - 📦 فایل دیتابیس زیپ شد: output/db_backup_20260604_191550.zip
2026-06-04 19:15:51,562 - INFO - ✅ فایل db_backup_20260604_191550.zip به تلگرام ارسال شد.
2026-06-04 19:16:01,455 - INFO - ⚡ چرخه 34: انتخاب دسته 141 تایی
2026-06-04 19:16:26,651 - WARNING - ⏳ [target1] محدودیت نرخ – انتظار 60.0s
2026-06-04 19:17:51,741 - WARNING - ⏳ [target1] محدودیت نرخ – انتظار 60.0s
2026-06-04 19:19:16,832 - WARNING - ⏳ [target1] محدودیت نرخ – انتظار 60.0s
2026-06-04 19:20:40,400 - WARNING - ⏳ [target1] محدودیت نرخ – انتظار 60.0s
2026-06-04 19:22:23,003 - WARNING - ⏳ [target1] محدودیت نرخ – انتظار 60.0s
2026-06-04 19:24:13,973 - WARNING - ⏳ [target1] محدودیت نرخ – انتظار 60.0s
2026-06-04 19:26:03,697 - WARNING - ⏳ [target1] محدودیت نرخ – انتظار 60.0s
2026-06-04 19:27:18,000 - INFO - 17 رکورد جدید ذخیره شد، 0 تکراری
2026-06-04 19:27:43,207 - WARNING - ⏳ [target2] محدودیت نرخ – انتظار 60.0s
2026-06-04 19:29:05,886 - WARNING - ⏳ [target2] محدودیت نرخ – انتظار 60.0s
2026-06-04 19:30:31,761 - WARNING - ⏳ [target2] محدودیت نرخ – انتظار 60.0s
2026-06-04 19:31:56,625 - WARNING - ⏳ [target2] محدودیت نرخ – انتظار 60.0s
2026-06-04 19:33:38,004 - WARNING - ⏳ [target2] محدودیت نرخ – انتظار 60.0s
2026-06-04 19:35:31,903 - WARNING - ⏳ [target2] محدودیت نرخ – انتظار 60.0s
2026-06-04 19:37:21,703 - WARNING - ⏳ [target2] محدودیت نرخ – انتظار 60.0s
2026-06-04 19:38:40,175 - INFO - 18 رکورد جدید ذخیره شد، 0 تکراری
2026-06-04 19:38:40,336 - INFO - ✅ پیام تلگرام ارسال شد.
2026-06-04 19:38:49,722 - INFO - ⚡ چرخه 35: انتخاب دسته 14 تایی
2026-06-04 19:39:34,837 - WARNING - ⏳ [target1] محدودیت نرخ – انتظار 60.0s
2026-06-04 19:40:35,335 - INFO - 3 رکورد جدید ذخیره شد، 0 تکراری
2026-06-04 19:40:53,927 - INFO - ✅ پیام تلگرام ارسال شد.
2026-06-04 19:41:05,221 - INFO - ⚡ چرخه 36: انتخاب دسته 145 تایی
2026-06-04 19:41:30,689 - WARNING - ⏳ [target1] محدودیت نرخ – انتظار 60.0s
2026-06-04 19:42:55,519 - WARNING - ⏳ [target1] محدودیت نرخ – انتظار 60.0s
2026-06-04 19:44:19,732 - WARNING - ⏳ [target1] محدودیت نرخ – انتظار 60.0s
2026-06-04 19:45:44,549 - WARNING - ⏳ [target1] محدودیت نرخ – انتظار 60.0s
2026-06-04 19:47:14,602 - WARNING - ⏳ [target1] محدودیت نرخ – انتظار 60.0s
2026-06-04 19:49:03,371 - WARNING - ⏳ [target1] محدودیت نرخ – انتظار 60.0s
2026-06-04 19:50:32,806 - INFO - 10 رکورد جدید ذخیره شد، 0 تکراری
2026-06-04 19:51:00,087 - WARNING - ⏳ [target2] محدودیت نرخ – انتظار 60.0s
2026-06-04 19:52:23,876 - WARNING - ⏳ [target2] محدودیت نرخ – انتظار 60.0s
2026-06-04 19:53:47,916 - WARNING - ⏳ [target2] محدودیت نرخ – انتظار 60.0s
2026-06-04 19:55:12,465 - WARNING - ⏳ [target2] محدودیت نرخ – انتظار 60.0s
2026-06-04 19:56:43,306 - WARNING - ⏳ [target2] محدودیت نرخ – انتظار 60.0s
2026-06-04 19:58:44,002 - WARNING - ⏳ [target2] محدودیت نرخ – انتظار 60.0s
2026-06-04 20:00:04,835 - INFO - 10 رکورد جدید ذخیره شد، 0 تکراری
2026-06-04 20:00:05,008 - INFO - ✅ پیام تلگرام ارسال شد.
2026-06-04 20:00:05,021 - INFO - 📦 فایل دیتابیس زیپ شد: output/db_backup_20260604_200005.zip
2026-06-04 20:00:05,422 - INFO - ✅ فایل db_backup_20260604_200005.zip به تلگرام ارسال شد.
2026-06-04 20:00:17,000 - INFO - ⚡ چرخه 37: انتخاب دسته 27 تایی
2026-06-04 20:00:49,023 - WARNING - ⏳ [target1] محدودیت نرخ – انتظار 60.0s
2026-06-04 20:02:16,497 - INFO - 4 رکورد جدید ذخیره شد، 0 تکراری
2026-06-04 20:02:51,263 - WARNING - ⏳ [target2] محدودیت نرخ – انتظار 60.0s
2026-06-04 20:03:51,445 - INFO - 1 رکورد جدید ذخیره شد، 0 تکراری
2026-06-04 20:03:51,625 - INFO - ✅ پیام تلگرام ارسال شد.
2026-06-04 20:03:58,463 - INFO - ⚡ چرخه 38: انتخاب دسته 179 تایی
2026-06-04 20:04:25,470 - WARNING - ⏳ [target1] محدودیت نرخ – انتظار 60.0s
2026-06-04 20:05:52,086 - WARNING - ⏳ [target1] محدودیت نرخ – انتظار 60.0s
2026-06-04 20:07:16,361 - WARNING - ⏳ [target1] محدودیت نرخ – انتظار 60.0s
2026-06-04 20:08:41,136 - WARNING - ⏳ [target1] محدودیت نرخ – انتظار 60.0s
2026-06-04 20:10:11,057 - WARNING - ⏳ [target1] محدودیت نرخ – انتظار 60.0s
2026-06-04 20:11:37,561 - WARNING - ⏳ [target1] محدودیت نرخ – انتظار 60.0s
2026-06-04 20:14:45,995 - WARNING - ⏳ [target1] محدودیت نرخ – انتظار 60.0s
2026-06-04 20:16:49,980 - WARNING - ⏳ [target1] محدودیت نرخ – انتظار 60.0s
2026-06-04 20:18:20,441 - INFO - 24 رکورد جدید ذخیره شد، 0 تکراری
2026-06-04 20:18:48,084 - WARNING - ⏳ [target2] محدودیت نرخ – انتظار 60.0s
2026-06-04 20:20:13,279 - WARNING - ⏳ [target2] محدودیت نرخ – انتظار 60.0s
2026-06-04 20:21:40,311 - WARNING - ⏳ [target2] محدودیت نرخ – انتظار 60.0s
2026-06-04 20:23:35,243 - WARNING - ⏳ [target2] محدودیت نرخ – انتظار 60.0s
2026-06-04 20:24:58,910 - WARNING - ⏳ [target2] محدودیت نرخ – انتظار 60.0s
2026-06-04 20:26:31,996 - WARNING - ⏳ [target2] محدودیت نرخ – انتظار 60.0s
2026-06-04 20:28:19,423 - WARNING - ⏳ [target2] محدودیت نرخ – انتظار 60.0s
2026-06-04 20:30:07,455 - WARNING - ⏳ [target2] محدودیت نرخ – انتظار 60.0s
2026-06-04 20:31:58,287 - WARNING - ⏳ [target2] محدودیت نرخ – انتظار 60.0s
2026-06-04 20:33:26,668 - INFO - 24 رکورد جدید ذخیره شد، 0 تکراری
2026-06-04 20:33:26,855 - INFO - ✅ پیام تلگرام ارسال شد.
2026-06-04 20:33:35,589 - INFO - ⚡ چرخه 39: انتخاب دسته 23 تایی
2026-06-04 20:34:37,667 - WARNING - ⏳ [target2] محدودیت نرخ – انتظار 60.0s
2026-06-04 20:35:37,995 - INFO - 2 رکورد جدید ذخیره شد، 0 تکراری
2026-06-04 20:35:38,258 - INFO - ✅ پیام تلگرام ارسال شد.
2026-06-04 20:35:38,279 - INFO - 📦 فایل دیتابیس زیپ شد: output/db_backup_20260604_203538.zip
2026-06-04 20:35:38,786 - INFO - ✅ فایل db_backup_20260604_203538.zip به تلگرام ارسال شد.
2026-06-04 20:35:49,994 - INFO - ⚡ چرخه 40: انتخاب دسته 171 تایی
2026-06-04 20:36:15,570 - WARNING - ⏳ [target1] محدودیت نرخ – انتظار 60.0s
2026-06-04 20:37:38,634 - WARNING - ⏳ [target1] محدودیت نرخ – انتظار 60.0s
2026-06-04 20:39:02,041 - WARNING - ⏳ [target1] محدودیت نرخ – انتظار 60.0s
2026-06-04 20:40:25,442 - WARNING - ⏳ [target1] محدودیت نرخ – انتظار 60.0s
2026-06-04 20:41:51,187 - WARNING - ⏳ [target1] محدودیت نرخ – انتظار 60.0s
2026-06-04 20:43:33,023 - WARNING - ⏳ [target1] محدودیت نرخ – انتظار 60.0s
2026-06-04 20:45:28,368 - WARNING - ⏳ [target1] محدودیت نرخ – انتظار 60.0s
2026-06-04 20:47:23,291 - WARNING - ⏳ [target1] محدودیت نرخ – انتظار 60.0s
2026-06-04 20:48:23,968 - INFO - 15 رکورد جدید ذخیره شد، 0 تکراری
2026-06-04 20:48:51,078 - WARNING - ⏳ [target2] محدودیت نرخ – انتظار 60.0s
2026-06-04 20:50:16,930 - WARNING - ⏳ [target2] محدودیت نرخ – انتظار 60.0s
2026-06-04 20:51:42,487 - WARNING - ⏳ [target2] محدودیت نرخ – انتظار 60.0s
2026-06-04 20:53:06,364 - WARNING - ⏳ [target2] محدودیت نرخ – انتظار 60.0s
2026-06-04 20:54:33,069 - WARNING - ⏳ [target2] محدودیت نرخ – انتظار 60.0s
2026-06-04 20:56:07,783 - WARNING - ⏳ [target2] محدودیت نرخ – انتظار 60.0s
2026-06-04 20:58:04,422 - WARNING - ⏳ [target2] محدودیت نرخ – انتظار 60.0s
2026-06-04 20:59:56,262 - WARNING - ⏳ [target2] محدودیت نرخ – انتظار 60.0s
2026-06-04 21:01:49,805 - WARNING - ⏳ [target2] محدودیت نرخ – انتظار 60.0s
2026-06-04 21:02:50,376 - INFO - 23 رکورد جدید ذخیره شد، 0 تکراری
2026-06-04 21:02:50,554 - INFO - ✅ پیام تلگرام ارسال شد.
2026-06-04 21:03:01,470 - INFO - ⚡ چرخه 41: انتخاب دسته 189 تایی
2026-06-04 21:03:28,570 - WARNING - ⏳ [target1] محدودیت نرخ – انتظار 60.0s
2026-06-04 21:04:53,188 - WARNING - ⏳ [target1] محدودیت نرخ – انتظار 60.0s
2026-06-04 21:06:20,809 - WARNING - ⏳ [target1] محدودیت نرخ – انتظار 60.0s
2026-06-04 21:07:45,113 - WARNING - ⏳ [target1] محدودیت نرخ – انتظار 60.0s
2026-06-04 21:09:10,956 - WARNING - ⏳ [target1] محدودیت نرخ – انتظار 60.0s
2026-06-04 21:10:35,520 - WARNING - ⏳ [target1] محدودیت نرخ – انتظار 60.0s
2026-06-04 21:12:29,428 - WARNING - ⏳ [target1] محدودیت نرخ – انتظار 60.0s
2026-06-04 21:14:25,404 - WARNING - ⏳ [target1] محدودیت نرخ – انتظار 60.0s
2026-06-04 21:16:20,732 - WARNING - ⏳ [target1] محدودیت نرخ – انتظار 60.0s
2026-06-04 21:18:15,427 - WARNING - ⏳ [target1] محدودیت نرخ – انتظار 60.0s
2026-06-04 21:19:19,069 - INFO - 25 رکورد جدید ذخیره شد، 0 تکراری
2026-06-04 21:19:46,463 - WARNING - ⏳ [target2] محدودیت نرخ – انتظار 60.0s
2026-06-04 21:21:10,681 - WARNING - ⏳ [target2] محدودیت نرخ – انتظار 60.0s
2026-06-04 21:22:35,302 - WARNING - ⏳ [target2] محدودیت نرخ – انتظار 60.0s
2026-06-04 21:24:01,408 - WARNING - ⏳ [target2] محدودیت نرخ – انتظار 60.0s
2026-06-04 21:25:25,557 - WARNING - ⏳ [target2] محدودیت نرخ – انتظار 60.0s
2026-06-04 21:26:49,817 - WARNING - ⏳ [target2] محدودیت نرخ – انتظار 60.0s
2026-06-04 21:28:42,638 - WARNING - ⏳ [target2] محدودیت نرخ – انتظار 60.0s
2026-06-04 21:30:40,195 - WARNING - ⏳ [target2] محدودیت نرخ – انتظار 60.0s
2026-06-04 21:32:19,205 - INFO - 17 رکورد جدید ذخیره شد، 0 تکراری
2026-06-04 21:32:19,374 - INFO - ✅ پیام تلگرام ارسال شد.
2026-06-04 21:32:30,231 - INFO - ⚡ چرخه 42: انتخاب دسته 157 تایی
2026-06-04 21:32:57,803 - WARNING - ⏳ [target1] محدودیت نرخ – انتظار 60.0s
2026-06-04 21:34:23,058 - WARNING - ⏳ [target1] محدودیت نرخ – انتظار 60.0s
2026-06-04 21:35:46,413 - WARNING - ⏳ [target1] محدودیت نرخ – انتظار 60.0s
2026-06-04 21:37:11,475 - WARNING - ⏳ [target1] محدودیت نرخ – انتظار 60.0s
2026-06-04 21:38:15,418 - ERROR - ❌ [target1] خطا: ('Connection aborted.', RemoteDisconnected('Remote end closed connection without response'))
2026-06-04 21:38:40,037 - WARNING - ⏳ [target1] محدودیت نرخ – انتظار 60.0s
2026-06-04 21:40:27,541 - WARNING - ⏳ [target1] محدودیت نرخ – انتظار 60.0s
2026-06-04 21:42:24,298 - WARNING - ⏳ [target1] محدودیت نرخ – انتظار 60.0s
2026-06-04 21:43:45,183 - INFO - 14 رکورد جدید ذخیره شد، 0 تکراری
2026-06-04 21:44:13,254 - WARNING - ⏳ [target2] محدودیت نرخ – انتظار 60.0s
2026-06-04 21:45:40,124 - WARNING - ⏳ [target2] محدودیت نرخ – انتظار 60.0s
2026-06-04 21:47:04,754 - WARNING - ⏳ [target2] محدودیت نرخ – انتظار 60.0s
2026-06-04 21:48:29,768 - WARNING - ⏳ [target2] محدودیت نرخ – انتظار 60.0s
2026-06-04 21:49:56,340 - WARNING - ⏳ [target2] محدودیت نرخ – انتظار 60.0s
2026-06-04 21:51:52,197 - WARNING - ⏳ [target2] محدودیت نرخ – انتظار 60.0s
2026-06-04 21:53:47,219 - WARNING - ⏳ [target2] محدودیت نرخ – انتظار 60.0s
2026-06-04 21:55:32,187 - INFO - 17 رکورد جدید ذخیره شد، 0 تکراری
2026-06-04 21:55:32,338 - INFO - ✅ پیام تلگرام ارسال شد.
2026-06-04 21:55:32,352 - INFO - 📦 فایل دیتابیس زیپ شد: output/db_backup_20260604_215532.zip
2026-06-04 21:55:32,799 - INFO - ✅ فایل db_backup_20260604_215532.zip به تلگرام ارسال شد.
2026-06-04 21:55:42,964 - INFO - ⚡ چرخه 43: انتخاب دسته 125 تایی
2026-06-04 21:56:09,943 - WARNING - ⏳ [target1] محدودیت نرخ – انتظار 60.0s
2026-06-04 21:57:35,918 - WARNING - ⏳ [target1] محدودیت نرخ – انتظار 60.0s
2026-06-04 21:59:00,810 - WARNING - ⏳ [target1] محدودیت نرخ – انتظار 60.0s
2026-06-04 22:00:27,029 - WARNING - ⏳ [target1] محدودیت نرخ – انتظار 60.0s
2026-06-04 22:02:38,194 - WARNING - ⏳ [target1] محدودیت نرخ – انتظار 60.0s
2026-06-04 22:04:38,101 - WARNING - ⏳ [target1] محدودیت نرخ – انتظار 60.0s
2026-06-04 22:05:39,172 - INFO - 14 رکورد جدید ذخیره شد، 0 تکراری
2026-06-04 22:06:06,204 - WARNING - ⏳ [target2] محدودیت نرخ – انتظار 60.0s
2026-06-04 22:07:33,471 - WARNING - ⏳ [target2] محدودیت نرخ – انتظار 60.0s
2026-06-04 22:08:59,367 - WARNING - ⏳ [target2] محدودیت نرخ – انتظار 60.0s
2026-06-04 22:10:25,391 - WARNING - ⏳ [target2] محدودیت نرخ – انتظار 60.0s
2026-06-04 22:12:37,039 - WARNING - ⏳ [target2] محدودیت نرخ – انتظار 60.0s
2026-06-04 22:13:55,260 - INFO - 9 رکورد جدید ذخیره شد، 0 تکراری
2026-06-04 22:13:55,468 - INFO - ✅ پیام تلگرام ارسال شد.
2026-06-04 22:14:06,233 - INFO - ⚡ چرخه 44: انتخاب دسته 61 تایی
2026-06-04 22:14:33,254 - WARNING - ⏳ [target1] محدودیت نرخ – انتظار 60.0s
2026-06-04 22:16:02,416 - WARNING - ⏳ [target1] محدودیت نرخ – انتظار 60.0s
2026-06-04 22:18:00,887 - WARNING - ⏳ [target1] محدودیت نرخ – انتظار 60.0s
2026-06-04 22:19:18,817 - INFO - 9 رکورد جدید ذخیره شد، 0 تکراری
2026-06-04 22:19:45,682 - WARNING - ⏳ [target2] محدودیت نرخ – انتظار 60.0s
2026-06-04 22:21:19,109 - WARNING - ⏳ [target2] محدودیت نرخ – انتظار 60.0s
2026-06-04 22:23:15,464 - WARNING - ⏳ [target2] محدودیت نرخ – انتظار 60.0s
2026-06-04 22:24:15,894 - INFO - 7 رکورد جدید ذخیره شد، 0 تکراری
2026-06-04 22:24:16,036 - INFO - ✅ پیام تلگرام ارسال شد.
2026-06-04 22:24:27,130 - INFO - ⚡ چرخه 45: انتخاب دسته 78 تایی
2026-06-04 22:24:54,542 - WARNING - ⏳ [target1] محدودیت نرخ – انتظار 60.0s
2026-06-04 22:26:20,872 - WARNING - ⏳ [target1] محدودیت نرخ – انتظار 60.0s
2026-06-04 22:27:58,113 - WARNING - ⏳ [target1] محدودیت نرخ – انتظار 60.0s
2026-06-04 22:29:33,380 - INFO - 7 رکورد جدید ذخیره شد، 0 تکراری
2026-06-04 22:30:00,710 - WARNING - ⏳ [target2] محدودیت نرخ – انتظار 60.0s
2026-06-04 22:31:23,308 - WARNING - ⏳ [target2] محدودیت نرخ – انتظار 60.0s
2026-06-04 22:33:04,237 - WARNING - ⏳ [target2] محدودیت نرخ – انتظار 60.0s
2026-06-04 22:34:30,755 - INFO - 6 رکورد جدید ذخیره شد، 0 تکراری
2026-06-04 22:34:30,891 - INFO - ✅ پیام تلگرام ارسال شد.
2026-06-04 22:34:30,906 - INFO - 📦 فایل دیتابیس زیپ شد: output/db_backup_20260604_223430.zip
2026-06-04 22:34:31,437 - INFO - ✅ فایل db_backup_20260604_223430.zip به تلگرام ارسال شد.
2026-06-04 22:34:40,140 - INFO - پنجرهٔ فعالیت تمام شد. انتظار برای پنجرهٔ بعدی...
2026-06-04 22:34:40,141 - INFO - 🌙 امروز تمام شد – خواب تا فردا ساعت 7.52 (8.4 ساعت)
2026-06-05 07:01:38,251 - INFO - ⏰ خواب تا شروع پنجرهٔ 7.63 (7 دقیقه)
2026-06-05 07:08:32,456 - INFO - ⚡ چرخه 46: انتخاب دسته 63 تایی
2026-06-05 07:08:58,870 - WARNING - ⏳ [target1] محدودیت نرخ – انتظار 60.0s
2026-06-05 07:10:22,316 - WARNING - ⏳ [target1] محدودیت نرخ – انتظار 60.0s
2026-06-05 07:12:07,497 - INFO - 4 رکورد جدید ذخیره شد، 0 تکراری
2026-06-05 07:12:34,184 - WARNING - ⏳ [target2] محدودیت نرخ – انتظار 60.0s
2026-06-05 07:13:58,831 - WARNING - ⏳ [target2] محدودیت نرخ – انتظار 60.0s
2026-06-05 07:15:13,886 - INFO - 1 رکورد جدید ذخیره شد، 0 تکراری
2026-06-05 07:15:21,154 - ERROR - ❌ خطا در اتصال تلگرام (پیام): Cannot connect to host api.telegram.org:443 ssl:default [Multiple exceptions: [Errno 110] Connect call failed ('2001:67c:4e8:f004::9', 443, 0, 0), [Errno 110] Connect call failed ('149.154.166.110', 443)]
2026-06-05 07:15:21,154 - INFO - ☕ استراحت 8.2 دقیقه‌ای
2026-06-05 07:23:47,933 - INFO - ⚡ چرخه 47: انتخاب دسته 119 تایی
2026-06-05 07:24:13,601 - WARNING - ⏳ [target1] محدودیت نرخ – انتظار 60.0s
2026-06-05 07:25:38,174 - WARNING - ⏳ [target1] محدودیت نرخ – انتظار 60.0s
2026-06-05 07:27:02,648 - WARNING - ⏳ [target1] محدودیت نرخ – انتظار 60.0s
2026-06-05 07:28:31,959 - WARNING - ⏳ [target1] محدودیت نرخ – انتظار 60.0s
2026-06-05 07:31:24,733 - INFO - 13 رکورد جدید ذخیره شد، 0 تکراری
2026-06-05 07:31:51,516 - WARNING - ⏳ [target2] محدودیت نرخ – انتظار 60.0s
2026-06-05 07:33:15,820 - WARNING - ⏳ [target2] محدودیت نرخ – انتظار 60.0s
2026-06-05 07:34:38,879 - WARNING - ⏳ [target2] محدودیت نرخ – انتظار 60.0s
2026-06-05 07:36:10,926 - WARNING - ⏳ [target2] محدودیت نرخ – انتظار 60.0s
2026-06-05 07:38:28,734 - WARNING - ⏳ [target2] محدودیت نرخ – انتظار 60.0s
2026-06-05 07:40:01,234 - INFO - 13 رکورد جدید ذخیره شد، 0 تکراری
2026-06-05 07:40:01,367 - INFO - ✅ پیام تلگرام ارسال شد.
2026-06-05 07:40:09,113 - INFO - ⚡ چرخه 48: انتخاب دسته 141 تایی
2026-06-05 07:40:35,448 - WARNING - ⏳ [target1] محدودیت نرخ – انتظار 60.0s
2026-06-05 07:41:59,982 - WARNING - ⏳ [target1] محدودیت نرخ – انتظار 60.0s
2026-06-05 07:43:25,848 - WARNING - ⏳ [target1] محدودیت نرخ – انتظار 60.0s
2026-06-05 07:44:50,400 - WARNING - ⏳ [target1] محدودیت نرخ – انتظار 60.0s
2026-06-05 07:46:33,991 - WARNING - ⏳ [target1] محدودیت نرخ – انتظار 60.0s
2026-06-05 07:48:38,058 - WARNING - ⏳ [target1] محدودیت نرخ – انتظار 60.0s
2026-06-05 07:50:34,890 - WARNING - ⏳ [target1] محدودیت نرخ – انتظار 60.0s
2026-06-05 07:52:16,410 - INFO - 21 رکورد جدید ذخیره شد، 0 تکراری
2026-06-05 07:52:43,809 - WARNING - ⏳ [target2] محدودیت نرخ – انتظار 60.0s
2026-06-05 07:54:09,172 - WARNING - ⏳ [target2] محدودیت نرخ – انتظار 60.0s
2026-06-05 07:55:34,526 - WARNING - ⏳ [target2] محدودیت نرخ – انتظار 60.0s
2026-06-05 07:57:00,432 - WARNING - ⏳ [target2] محدودیت نرخ – انتظار 60.0s
2026-06-05 07:58:41,707 - WARNING - ⏳ [target2] محدودیت نرخ – انتظار 60.0s
2026-06-05 08:00:34,768 - WARNING - ⏳ [target2] محدودیت نرخ – انتظار 60.0s
2026-06-05 08:02:20,436 - INFO - 16 رکورد جدید ذخیره شد، 0 تکراری
2026-06-05 08:02:20,626 - INFO - ✅ پیام تلگرام ارسال شد.
2026-06-05 08:02:20,642 - INFO - 📦 فایل دیتابیس زیپ شد: output/db_backup_20260605_080220.zip
2026-06-05 08:02:21,133 - INFO - ✅ فایل db_backup_20260605_080220.zip به تلگرام ارسال شد.
2026-06-05 08:02:30,717 - INFO - ⚡ چرخه 49: انتخاب دسته 128 تایی
2026-06-05 08:02:55,384 - WARNING - ⏳ [target1] محدودیت نرخ – انتظار 60.0s
2026-06-05 08:04:20,036 - WARNING - ⏳ [target1] محدودیت نرخ – انتظار 60.0s
2026-06-05 08:05:44,960 - WARNING - ⏳ [target1] محدودیت نرخ – انتظار 60.0s
2026-06-05 08:07:09,479 - WARNING - ⏳ [target1] محدودیت نرخ – انتظار 60.0s
2026-06-05 08:09:26,950 - WARNING - ⏳ [target1] محدودیت نرخ – انتظار 60.0s
2026-06-05 08:11:22,311 - WARNING - ⏳ [target1] محدودیت نرخ – انتظار 60.0s
2026-06-05 08:12:32,538 - INFO - 15 رکورد جدید ذخیره شد، 0 تکراری
2026-06-05 08:12:57,478 - WARNING - ⏳ [target2] محدودیت نرخ – انتظار 60.0s
2026-06-05 08:14:24,258 - WARNING - ⏳ [target2] محدودیت نرخ – انتظار 60.0s
2026-06-05 08:15:49,731 - WARNING - ⏳ [target2] محدودیت نرخ – انتظار 60.0s
2026-06-05 08:17:14,006 - WARNING - ⏳ [target2] محدودیت نرخ – انتظار 60.0s
2026-06-05 08:19:00,806 - WARNING - ⏳ [target2] محدودیت نرخ – انتظار 60.0s
2026-06-05 08:20:21,145 - INFO - 8 رکورد جدید ذخیره شد، 0 تکراری
2026-06-05 08:20:21,313 - INFO - ✅ پیام تلگرام ارسال شد.
2026-06-05 08:20:21,314 - INFO - ☕ استراحت 6.5 دقیقه‌ای
2026-06-05 08:27:02,848 - INFO - ⚡ چرخه 50: انتخاب دسته 181 تایی
2026-06-05 08:27:31,783 - WARNING - ⏳ [target1] محدودیت نرخ – انتظار 60.0s
2026-06-05 08:28:55,198 - WARNING - ⏳ [target1] محدودیت نرخ – انتظار 60.0s
2026-06-05 08:30:22,260 - WARNING - ⏳ [target1] محدودیت نرخ – انتظار 60.0s
2026-06-05 08:31:46,799 - WARNING - ⏳ [target1] محدودیت نرخ – انتظار 60.0s
2026-06-05 08:33:09,856 - WARNING - ⏳ [target1] محدودیت نرخ – انتظار 60.0s
2026-06-05 08:34:35,712 - WARNING - ⏳ [target1] محدودیت نرخ – انتظار 60.0s
2026-06-05 08:36:31,813 - WARNING - ⏳ [target1] محدودیت نرخ – انتظار 60.0s
2026-06-05 08:38:20,577 - WARNING - ⏳ [target1] محدودیت نرخ – انتظار 60.0s
2026-06-05 08:39:58,129 - INFO - 17 رکورد جدید ذخیره شد، 0 تکراری
2026-06-05 08:40:23,043 - WARNING - ⏳ [target2] محدودیت نرخ – انتظار 60.0s
2026-06-05 08:41:47,806 - WARNING - ⏳ [target2] محدودیت نرخ – انتظار 60.0s
2026-06-05 08:43:11,738 - WARNING - ⏳ [target2] محدودیت نرخ – انتظار 60.0s
2026-06-05 08:44:35,708 - WARNING - ⏳ [target2] محدودیت نرخ – انتظار 60.0s
2026-06-05 08:45:37,498 - ERROR - ❌ [target2] خطا: ('Connection aborted.', RemoteDisconnected('Remote end closed connection without response'))
2026-06-05 08:46:01,873 - WARNING - ⏳ [target2] محدودیت نرخ – انتظار 60.0s
2026-06-05 08:47:34,126 - WARNING - ⏳ [target2] محدودیت نرخ – انتظار 60.0s
2026-06-05 08:49:30,403 - WARNING - ⏳ [target2] محدودیت نرخ – انتظار 60.0s
2026-06-05 08:51:25,730 - WARNING - ⏳ [target2] محدودیت نرخ – انتظار 60.0s
2026-06-05 08:52:48,725 - INFO - 16 رکورد جدید ذخیره شد، 0 تکراری
2026-06-05 08:52:48,970 - INFO - ✅ پیام تلگرام ارسال شد.
2026-06-05 08:52:58,592 - INFO - ⚡ چرخه 51: انتخاب دسته 189 تایی
2026-06-05 08:53:25,839 - WARNING - ⏳ [target1] محدودیت نرخ – انتظار 60.0s
2026-06-05 08:54:49,102 - WARNING - ⏳ [target1] محدودیت نرخ – انتظار 60.0s
2026-06-05 08:56:11,996 - WARNING - ⏳ [target1] محدودیت نرخ – انتظار 60.0s
2026-06-05 08:57:37,084 - WARNING - ⏳ [target1] محدودیت نرخ – انتظار 60.0s
2026-06-05 08:59:02,152 - WARNING - ⏳ [target1] محدودیت نرخ – انتظار 60.0s
2026-06-05 09:00:29,281 - WARNING - ⏳ [target1] محدودیت نرخ – انتظار 60.0s
2026-06-05 09:02:18,779 - WARNING - ⏳ [target1] محدودیت نرخ – انتظار 60.0s
2026-06-05 09:04:53,140 - WARNING - ⏳ [target1] محدودیت نرخ – انتظار 60.0s
2026-06-05 09:06:28,512 - INFO - 20 رکورد جدید ذخیره شد، 0 تکراری
2026-06-05 09:06:53,225 - WARNING - ⏳ [target2] محدودیت نرخ – انتظار 60.0s
2026-06-05 09:08:17,609 - WARNING - ⏳ [target2] محدودیت نرخ – انتظار 60.0s
2026-06-05 09:09:40,956 - WARNING - ⏳ [target2] محدودیت نرخ – انتظار 60.0s
2026-06-05 09:11:03,971 - WARNING - ⏳ [target2] محدودیت نرخ – انتظار 60.0s
2026-06-05 09:12:28,672 - WARNING - ⏳ [target2] محدودیت نرخ – انتظار 60.0s
2026-06-05 09:13:53,634 - WARNING - ⏳ [target2] محدودیت نرخ – انتظار 60.0s
2026-06-05 09:15:40,179 - WARNING - ⏳ [target2] محدودیت نرخ – انتظار 60.0s
2026-06-05 09:17:29,871 - WARNING - ⏳ [target2] محدودیت نرخ – انتظار 60.0s
2026-06-05 09:19:29,685 - WARNING - ⏳ [target2] محدودیت نرخ – انتظار 60.0s
2026-06-05 09:21:44,550 - INFO - 26 رکورد جدید ذخیره شد، 0 تکراری
2026-06-05 09:21:44,691 - INFO - ✅ پیام تلگرام ارسال شد.
2026-06-05 09:21:44,707 - INFO - 📦 فایل دیتابیس زیپ شد: output/db_backup_20260605_092144.zip
2026-06-05 09:21:45,189 - INFO - ✅ فایل db_backup_20260605_092144.zip به تلگرام ارسال شد.
2026-06-05 09:21:54,331 - INFO - ⚡ چرخه 52: انتخاب دسته 29 تایی
2026-06-05 09:22:26,159 - WARNING - ⏳ [target1] محدودیت نرخ – انتظار 60.0s
2026-06-05 09:24:09,357 - INFO - 5 رکورد جدید ذخیره شد، 0 تکراری
2026-06-05 09:24:37,028 - WARNING - ⏳ [target2] محدودیت نرخ – انتظار 60.0s
2026-06-05 09:25:57,476 - INFO - 2 رکورد جدید ذخیره شد، 0 تکراری
2026-06-05 09:25:57,636 - INFO - ✅ پیام تلگرام ارسال شد.
2026-06-05 09:26:03,471 - INFO - ⚡ چرخه 53: انتخاب دسته 164 تایی
2026-06-05 09:26:30,530 - WARNING - ⏳ [target1] محدودیت نرخ – انتظار 60.0s
2026-06-05 09:27:55,601 - WARNING - ⏳ [target1] محدودیت نرخ – انتظار 60.0s
2026-06-05 09:29:19,497 - WARNING - ⏳ [target1] محدودیت نرخ – انتظار 60.0s
2026-06-05 09:30:42,676 - WARNING - ⏳ [target1] محدودیت نرخ – انتظار 60.0s
2026-06-05 09:32:04,579 - WARNING - ⏳ [target1] محدودیت نرخ – انتظار 60.0s
2026-06-05 09:33:44,415 - WARNING - ⏳ [target1] محدودیت نرخ – انتظار 60.0s
2026-06-05 09:36:11,585 - WARNING - ⏳ [target1] محدودیت نرخ – انتظار 60.0s
2026-06-05 09:37:11,655 - ERROR - ❌ [target1] خطا: ('Connection aborted.', RemoteDisconnected('Remote end closed connection without response'))
2026-06-05 09:37:35,396 - INFO - 15 رکورد جدید ذخیره شد، 0 تکراری
2026-06-05 09:38:04,322 - WARNING - ⏳ [target2] محدودیت نرخ – انتظار 60.0s
2026-06-05 09:39:28,460 - WARNING - ⏳ [target2] محدودیت نرخ – انتظار 60.0s
2026-06-05 09:40:54,699 - WARNING - ⏳ [target2] محدودیت نرخ – انتظار 60.0s
2026-06-05 09:42:25,950 - WARNING - ⏳ [target2] محدودیت نرخ – انتظار 60.0s
2026-06-05 09:43:49,296 - WARNING - ⏳ [target2] محدودیت نرخ – انتظار 60.0s
2026-06-05 09:45:40,242 - WARNING - ⏳ [target2] محدودیت نرخ – انتظار 60.0s
2026-06-05 09:47:31,018 - WARNING - ⏳ [target2] محدودیت نرخ – انتظار 60.0s
2026-06-05 09:49:11,000 - INFO - 16 رکورد جدید ذخیره شد، 0 تکراری
2026-06-05 09:49:11,135 - INFO - ✅ پیام تلگرام ارسال شد.
2026-06-05 09:49:19,697 - INFO - ⚡ چرخه 54: انتخاب دسته 85 تایی
2026-06-05 09:49:26,722 - WARNING - Retrying (Retry(total=2, connect=None, read=None, redirect=None, status=None)) after connection broken by 'ConnectTimeoutError(<HTTPSConnection(host='messengerg2c3.iranlms.ir', port=443) at 0x7f5bb6b2f4d0>, 'Connection to messengerg2c3.iranlms.ir timed out. (connect timeout=10)')': /
2026-06-05 09:49:29,705 - ERROR - ⏱️ [target1] تابع get_me تایم‌اوت
2026-06-05 09:49:29,705 - WARNING - 📈 عقب‌نشینی نرخ به 1.50x
2026-06-05 09:49:48,429 - WARNING - ⏳ [target1] محدودیت نرخ – انتظار 40.0s
2026-06-05 09:50:28,430 - WARNING - ⏳ [target1] محدودیت نرخ – انتظار 40.0s
2026-06-05 09:51:24,030 - WARNING - ⏳ [target1] محدودیت نرخ – انتظار 40.0s
2026-06-05 09:52:04,030 - WARNING - ⏳ [target1] محدودیت نرخ – انتظار 40.0s
2026-06-05 09:52:59,480 - WARNING - ⏳ [target1] محدودیت نرخ – انتظار 40.0s
2026-06-05 09:53:39,480 - WARNING - ⏳ [target1] محدودیت نرخ – انتظار 40.0s
2026-06-05 09:54:35,438 - WARNING - ⏳ [target1] محدودیت نرخ – انتظار 40.0s
2026-06-05 09:55:15,438 - WARNING - ⏳ [target1] محدودیت نرخ – انتظار 40.0s
2026-06-05 09:56:28,968 - WARNING - ⏳ [target1] محدودیت نرخ – انتظار 40.0s
2026-06-05 09:57:41,970 - INFO - 7 رکورد جدید ذخیره شد، 0 تکراری
2026-06-05 09:58:07,350 - WARNING - ⏳ [target2] محدودیت نرخ – انتظار 60.0s
2026-06-05 09:59:31,678 - WARNING - ⏳ [target2] محدودیت نرخ – انتظار 60.0s
2026-06-05 10:01:07,921 - WARNING - ⏳ [target2] محدودیت نرخ – انتظار 60.0s
2026-06-05 10:03:09,675 - WARNING - ⏳ [target2] محدودیت نرخ – انتظار 60.0s
2026-06-05 10:04:52,684 - INFO - 13 رکورد جدید ذخیره شد، 0 تکراری
2026-06-05 10:04:52,989 - INFO - ✅ پیام تلگرام ارسال شد.
2026-06-05 10:04:53,009 - INFO - 📦 فایل دیتابیس زیپ شد: output/db_backup_20260605_100452.zip
2026-06-05 10:04:53,507 - INFO - ✅ فایل db_backup_20260605_100452.zip به تلگرام ارسال شد.
2026-06-05 10:05:01,209 - INFO - ⚡ چرخه 55: انتخاب دسته 134 تایی
2026-06-05 10:05:19,320 - WARNING - ⏳ [target1] محدودیت نرخ – انتظار 40.0s
2026-06-05 10:05:59,320 - WARNING - ⏳ [target1] محدودیت نرخ – انتظار 40.0s
2026-06-05 10:06:56,516 - WARNING - ⏳ [target1] محدودیت نرخ – انتظار 40.0s
2026-06-05 10:07:36,522 - WARNING - ⏳ [target1] محدودیت نرخ – انتظار 40.0s
2026-06-05 10:08:33,179 - WARNING - ⏳ [target1] محدودیت نرخ – انتظار 40.0s
2026-06-05 10:09:13,179 - WARNING - ⏳ [target1] محدودیت نرخ – انتظار 40.0s
2026-06-05 10:10:11,562 - WARNING - ⏳ [target1] محدودیت نرخ – انتظار 40.0s
2026-06-05 10:10:51,562 - WARNING - ⏳ [target1] محدودیت نرخ – انتظار 40.0s
2026-06-05 10:11:48,881 - WARNING - ⏳ [target1] محدودیت نرخ – انتظار 40.0s
2026-06-05 10:12:28,881 - WARNING - ⏳ [target1] محدودیت نرخ – انتظار 40.0s
2026-06-05 10:13:25,008 - WARNING - ⏳ [target1] محدودیت نرخ – انتظار 40.0s
2026-06-05 10:14:05,011 - WARNING - ⏳ [target1] محدودیت نرخ – انتظار 40.0s
2026-06-05 10:15:12,924 - WARNING - ⏳ [target1] محدودیت نرخ – انتظار 40.0s
2026-06-05 10:16:26,122 - WARNING - ⏳ [target1] محدودیت نرخ – انتظار 40.0s
2026-06-05 10:17:47,747 - WARNING - ⏳ [target1] محدودیت نرخ – انتظار 40.0s
2026-06-05 10:18:57,404 - WARNING - ⏳ [target1] محدودیت نرخ – انتظار 40.0s
2026-06-05 10:19:57,127 - INFO - 15 رکورد جدید ذخیره شد، 0 تکراری
2026-06-05 10:20:22,670 - WARNING - ⏳ [target2] محدودیت نرخ – انتظار 60.0s
2026-06-05 10:21:48,887 - WARNING - ⏳ [target2] محدودیت نرخ – انتظار 60.0s
2026-06-05 10:23:13,043 - WARNING - ⏳ [target2] محدودیت نرخ – انتظار 60.0s
2026-06-05 10:24:35,652 - WARNING - ⏳ [target2] محدودیت نرخ – انتظار 60.0s
2026-06-05 10:26:18,715 - WARNING - ⏳ [target2] محدودیت نرخ – انتظار 60.0s
2026-06-05 10:28:18,692 - WARNING - ⏳ [target2] محدودیت نرخ – انتظار 60.0s
2026-06-05 10:29:30,346 - INFO - 12 رکورد جدید ذخیره شد، 0 تکراری
2026-06-05 10:29:30,590 - INFO - ✅ پیام تلگرام ارسال شد.
2026-06-05 10:29:41,538 - INFO - ⚡ چرخه 56: انتخاب دسته 92 تایی
2026-06-05 10:30:00,543 - WARNING - ⏳ [target1] محدودیت نرخ – انتظار 40.0s
2026-06-05 10:30:40,543 - WARNING - ⏳ [target1] محدودیت نرخ – انتظار 40.0s
2026-06-05 10:31:39,096 - WARNING - ⏳ [target1] محدودیت نرخ – انتظار 40.0s
2026-06-05 10:32:19,096 - WARNING - ⏳ [target1] محدودیت نرخ – انتظار 40.0s
2026-06-05 10:33:15,567 - WARNING - ⏳ [target1] محدودیت نرخ – انتظار 40.0s
2026-06-05 10:33:55,567 - WARNING - ⏳ [target1] محدودیت نرخ – انتظار 40.0s
2026-06-05 10:34:52,861 - WARNING - ⏳ [target1] محدودیت نرخ – انتظار 40.0s
2026-06-05 10:35:32,861 - WARNING - ⏳ [target1] محدودیت نرخ – انتظار 40.0s
2026-06-05 10:36:43,552 - WARNING - ⏳ [target1] محدودیت نرخ – انتظار 40.0s
2026-06-05 10:37:58,593 - WARNING - ⏳ [target1] محدودیت نرخ – انتظار 40.0s
2026-06-05 10:38:54,339 - INFO - 9 رکورد جدید ذخیره شد، 0 تکراری
2026-06-05 10:39:22,007 - WARNING - ⏳ [target2] محدودیت نرخ – انتظار 60.0s
2026-06-05 10:40:44,427 - WARNING - ⏳ [target2] محدودیت نرخ – انتظار 60.0s
2026-06-05 10:42:08,601 - WARNING - ⏳ [target2] محدودیت نرخ – انتظار 60.0s
2026-06-05 10:43:44,033 - INFO - 4 رکورد جدید ذخیره شد، 0 تکراری
2026-06-05 10:43:44,266 - INFO - ✅ پیام تلگرام ارسال شد.
2026-06-05 10:43:44,267 - INFO - ☕ استراحت 9.8 دقیقه‌ای
2026-06-05 10:53:42,157 - INFO - ⚡ چرخه 57: انتخاب دسته 70 تایی
2026-06-05 10:54:00,509 - WARNING - ⏳ [target1] محدودیت نرخ – انتظار 40.0s
2026-06-05 10:54:40,509 - WARNING - ⏳ [target1] محدودیت نرخ – انتظار 40.0s
2026-06-05 10:55:37,931 - WARNING - ⏳ [target1] محدودیت نرخ – انتظار 40.0s
2026-06-05 10:56:17,931 - WARNING - ⏳ [target1] محدودیت نرخ – انتظار 40.0s
2026-06-05 10:57:17,525 - WARNING - ⏳ [target1] محدودیت نرخ – انتظار 40.0s
2026-06-05 10:57:57,525 - WARNING - ⏳ [target1] محدودیت نرخ – انتظار 40.0s
2026-06-05 10:59:11,305 - WARNING - ⏳ [target1] محدودیت نرخ – انتظار 40.0s
2026-06-05 11:00:25,910 - WARNING - ⏳ [target1] محدودیت نرخ – انتظار 40.0s
2026-06-05 11:01:30,227 - INFO - 10 رکورد جدید ذخیره شد، 0 تکراری
2026-06-05 11:01:58,092 - WARNING - ⏳ [target2] محدودیت نرخ – انتظار 60.0s
2026-06-05 11:03:22,477 - WARNING - ⏳ [target2] محدودیت نرخ – انتظار 60.0s
2026-06-05 11:04:22,544 - ERROR - ❌ [target2] خطا: ('Connection aborted.', RemoteDisconnected('Remote end closed connection without response'))
2026-06-05 11:05:14,667 - WARNING - ⏳ [target2] محدودیت نرخ – انتظار 60.0s
2026-06-05 11:06:35,021 - INFO - 8 رکورد جدید ذخیره شد، 0 تکراری
2026-06-05 11:06:35,173 - INFO - ✅ پیام تلگرام ارسال شد.
2026-06-05 11:06:35,193 - INFO - 📦 فایل دیتابیس زیپ شد: output/db_backup_20260605_110635.zip
2026-06-05 11:06:35,662 - INFO - ✅ فایل db_backup_20260605_110635.zip به تلگرام ارسال شد.
2026-06-05 11:06:41,059 - INFO - ⚡ چرخه 58: انتخاب دسته 73 تایی
2026-06-05 11:06:59,794 - WARNING - ⏳ [target1] محدودیت نرخ – انتظار 40.0s
2026-06-05 11:07:39,900 - WARNING - ⏳ [target1] محدودیت نرخ – انتظار 40.0s
2026-06-05 11:08:38,392 - WARNING - ⏳ [target1] محدودیت نرخ – انتظار 40.0s
2026-06-05 11:09:18,392 - WARNING - ⏳ [target1] محدودیت نرخ – انتظار 40.0s
2026-06-05 11:10:17,479 - WARNING - ⏳ [target1] محدودیت نرخ – انتظار 40.0s
2026-06-05 11:10:57,479 - WARNING - ⏳ [target1] محدودیت نرخ – انتظار 40.0s
2026-06-05 11:12:08,718 - WARNING - ⏳ [target1] محدودیت نرخ – انتظار 40.0s
2026-06-05 11:13:26,172 - WARNING - ⏳ [target1] محدودیت نرخ – انتظار 40.0s
2026-06-05 11:14:08,486 - INFO - 7 رکورد جدید ذخیره شد، 0 تکراری
2026-06-05 11:14:34,555 - WARNING - ⏳ [target2] محدودیت نرخ – انتظار 60.0s
2026-06-05 11:16:00,700 - WARNING - ⏳ [target2] محدودیت نرخ – انتظار 60.0s
2026-06-05 11:17:37,391 - INFO - 3 رکورد جدید ذخیره شد، 0 تکراری
2026-06-05 11:17:37,579 - INFO - ✅ پیام تلگرام ارسال شد.
2026-06-05 11:17:43,091 - INFO - ⚡ چرخه 59: انتخاب دسته 103 تایی
2026-06-05 11:18:01,992 - WARNING - ⏳ [target1] محدودیت نرخ – انتظار 40.0s
2026-06-05 11:18:41,992 - WARNING - ⏳ [target1] محدودیت نرخ – انتظار 40.0s
2026-06-05 11:19:40,297 - WARNING - ⏳ [target1] محدودیت نرخ – انتظار 40.0s
2026-06-05 11:20:20,297 - WARNING - ⏳ [target1] محدودیت نرخ – انتظار 40.0s
2026-06-05 11:21:18,553 - WARNING - ⏳ [target1] محدودیت نرخ – انتظار 40.0s
2026-06-05 11:21:58,553 - WARNING - ⏳ [target1] محدودیت نرخ – انتظار 40.0s
2026-06-05 11:22:56,757 - WARNING - ⏳ [target1] محدودیت نرخ – انتظار 40.0s
2026-06-05 11:23:36,758 - WARNING - ⏳ [target1] محدودیت نرخ – انتظار 40.0s
2026-06-05 11:24:32,405 - WARNING - ⏳ [target1] محدودیت نرخ – انتظار 40.0s
2026-06-05 11:25:12,405 - WARNING - ⏳ [target1] محدودیت نرخ – انتظار 40.0s
2026-06-05 11:26:34,192 - WARNING - ⏳ [target1] محدودیت نرخ – انتظار 40.0s
2026-06-05 11:27:54,291 - WARNING - ⏳ [target1] محدودیت نرخ – انتظار 40.0s
2026-06-05 11:28:56,056 - INFO - 11 رکورد جدید ذخیره شد، 0 تکراری
2026-06-05 11:29:23,565 - WARNING - ⏳ [target2] محدودیت نرخ – انتظار 60.0s
2026-06-05 11:30:48,056 - WARNING - ⏳ [target2] محدودیت نرخ – انتظار 60.0s
2026-06-05 11:32:12,419 - WARNING - ⏳ [target2] محدودیت نرخ – انتظار 60.0s
2026-06-05 11:34:03,408 - WARNING - ⏳ [target2] محدودیت نرخ – انتظار 60.0s
2026-06-05 11:35:51,441 - WARNING - ⏳ [target2] محدودیت نرخ – انتظار 60.0s
2026-06-05 11:37:02,841 - INFO - 13 رکورد جدید ذخیره شد، 0 تکراری
2026-06-05 11:37:10,123 - ERROR - ❌ خطا در اتصال تلگرام (پیام): Cannot connect to host api.telegram.org:443 ssl:default [Multiple exceptions: [Errno 110] Connect call failed ('2001:67c:4e8:f004::9', 443, 0, 0), [Errno 110] Connect call failed ('149.154.166.110', 443)]
2026-06-05 11:37:10,125 - INFO - ☕ استراحت 12.6 دقیقه‌ای
2026-06-05 11:50:00,589 - INFO - ⚡ چرخه 60: انتخاب دسته 165 تایی
2026-06-05 11:50:20,569 - WARNING - ⏳ [target1] محدودیت نرخ – انتظار 40.0s
2026-06-05 11:51:00,569 - WARNING - ⏳ [target1] محدودیت نرخ – انتظار 40.0s
2026-06-05 11:51:58,599 - WARNING - ⏳ [target1] محدودیت نرخ – انتظار 40.0s
2026-06-05 11:52:38,600 - WARNING - ⏳ [target1] محدودیت نرخ – انتظار 40.0s
2026-06-05 11:53:36,618 - WARNING - ⏳ [target1] محدودیت نرخ – انتظار 40.0s
2026-06-05 11:54:16,618 - WARNING - ⏳ [target1] محدودیت نرخ – انتظار 40.0s
2026-06-05 11:55:13,215 - WARNING - ⏳ [target1] محدودیت نرخ – انتظار 40.0s
2026-06-05 11:55:53,215 - WARNING - ⏳ [target1] محدودیت نرخ – انتظار 40.0s
2026-06-05 11:56:51,364 - WARNING - ⏳ [target1] محدودیت نرخ – انتظار 40.0s
2026-06-05 11:57:31,364 - WARNING - ⏳ [target1] محدودیت نرخ – انتظار 40.0s
2026-06-05 11:58:28,412 - WARNING - ⏳ [target1] محدودیت نرخ – انتظار 40.0s
2026-06-05 11:59:08,412 - WARNING - ⏳ [target1] محدودیت نرخ – انتظار 40.0s
2026-06-05 12:00:05,744 - WARNING - ⏳ [target1] محدودیت نرخ – انتظار 40.0s
2026-06-05 12:00:45,744 - WARNING - ⏳ [target1] محدودیت نرخ – انتظار 40.0s
2026-06-05 12:01:41,621 - WARNING - ⏳ [target1] محدودیت نرخ – انتظار 40.0s
2026-06-05 12:02:21,622 - WARNING - ⏳ [target1] محدودیت نرخ – انتظار 40.0s
2026-06-05 12:03:39,610 - WARNING - ⏳ [target1] محدودیت نرخ – انتظار 40.0s
2026-06-05 12:04:45,208 - WARNING - ⏳ [target1] محدودیت نرخ – انتظار 40.0s
2026-06-05 12:06:11,240 - WARNING - ⏳ [target1] محدودیت نرخ – انتظار 40.0s
2026-06-05 12:06:51,250 - ERROR - ❌ [target1] خطا: ('Connection aborted.', RemoteDisconnected('Remote end closed connection without response'))
2026-06-05 12:07:01,676 - INFO - 14 رکورد جدید ذخیره شد، 0 تکراری
2026-06-05 12:07:27,796 - WARNING - ⏳ [target2] محدودیت نرخ – انتظار 60.0s
2026-06-05 12:08:54,213 - WARNING - ⏳ [target2] محدودیت نرخ – انتظار 60.0s
2026-06-05 12:10:21,451 - WARNING - ⏳ [target2] محدودیت نرخ – انتظار 60.0s
2026-06-05 12:11:48,396 - WARNING - ⏳ [target2] محدودیت نرخ – انتظار 60.0s
2026-06-05 12:13:12,647 - WARNING - ⏳ [target2] محدودیت نرخ – انتظار 60.0s
2026-06-05 12:15:03,420 - WARNING - ⏳ [target2] محدودیت نرخ – انتظار 60.0s
2026-06-05 12:17:47,799 - WARNING - ⏳ [target2] محدودیت نرخ – انتظار 60.0s
2026-06-05 12:18:59,638 - INFO - 16 رکورد جدید ذخیره شد، 0 تکراری
2026-06-05 12:18:59,801 - INFO - ✅ پیام تلگرام ارسال شد.
2026-06-05 12:18:59,820 - INFO - 📦 فایل دیتابیس زیپ شد: output/db_backup_20260605_121859.zip
2026-06-05 12:19:00,350 - INFO - ✅ فایل db_backup_20260605_121859.zip به تلگرام ارسال شد.
2026-06-05 12:19:08,181 - INFO - پنجرهٔ فعالیت تمام شد. انتظار برای پنجرهٔ بعدی...
2026-06-05 12:19:08,182 - INFO - ⏰ خواب تا شروع پنجرهٔ 14.00 (71 دقیقه)
2026-06-05 13:29:53,217 - INFO - ⚡ چرخه 61: انتخاب دسته 102 تایی
2026-06-05 13:30:11,235 - WARNING - ⏳ [target1] محدودیت نرخ – انتظار 40.0s
2026-06-05 13:30:51,236 - WARNING - ⏳ [target1] محدودیت نرخ – انتظار 40.0s
2026-06-05 13:31:48,777 - WARNING - ⏳ [target1] محدودیت نرخ – انتظار 40.0s
2026-06-05 13:32:28,778 - WARNING - ⏳ [target1] محدودیت نرخ – انتظار 40.0s
2026-06-05 13:33:25,196 - WARNING - ⏳ [target1] محدودیت نرخ – انتظار 40.0s
2026-06-05 13:34:05,196 - WARNING - ⏳ [target1] محدودیت نرخ – انتظار 40.0s
2026-06-05 13:35:02,956 - WARNING - ⏳ [target1] محدودیت نرخ – انتظار 40.0s
2026-06-05 13:35:42,956 - WARNING - ⏳ [target1] محدودیت نرخ – انتظار 40.0s
2026-06-05 13:36:38,847 - WARNING - ⏳ [target1] محدودیت نرخ – انتظار 40.0s
2026-06-05 13:37:18,847 - WARNING - ⏳ [target1] محدودیت نرخ – انتظار 40.0s
2026-06-05 13:38:45,113 - WARNING - ⏳ [target1] محدودیت نرخ – انتظار 40.0s
2026-06-05 13:39:54,372 - WARNING - ⏳ [target1] محدودیت نرخ – انتظار 40.0s
2026-06-05 13:40:35,265 - INFO - 9 رکورد جدید ذخیره شد، 0 تکراری
2026-06-05 13:41:03,000 - WARNING - ⏳ [target2] محدودیت نرخ – انتظار 60.0s
2026-06-05 13:42:29,160 - WARNING - ⏳ [target2] محدودیت نرخ – انتظار 60.0s
2026-06-05 13:43:51,774 - WARNING - ⏳ [target2] محدودیت نرخ – انتظار 60.0s
2026-06-05 13:45:41,282 - WARNING - ⏳ [target2] محدودیت نرخ – انتظار 60.0s
2026-06-05 13:47:29,731 - WARNING - ⏳ [target2] محدودیت نرخ – انتظار 60.0s
2026-06-05 13:49:01,645 - INFO - 14 رکورد جدید ذخیره شد، 0 تکراری
2026-06-05 13:49:01,791 - INFO - ✅ پیام تلگرام ارسال شد.
2026-06-05 13:49:11,108 - INFO - ⚡ چرخه 62: انتخاب دسته 50 تایی
2026-06-05 13:49:28,646 - WARNING - ⏳ [target1] محدودیت نرخ – انتظار 40.0s
2026-06-05 13:50:08,646 - WARNING - ⏳ [target1] محدودیت نرخ – انتظار 40.0s
2026-06-05 13:51:06,899 - WARNING - ⏳ [target1] محدودیت نرخ – انتظار 40.0s
2026-06-05 13:51:46,900 - WARNING - ⏳ [target1] محدودیت نرخ – انتظار 40.0s
2026-06-05 13:52:58,282 - WARNING - ⏳ [target1] محدودیت نرخ – انتظار 40.0s
2026-06-05 13:53:40,273 - INFO - 3 رکورد جدید ذخیره شد، 0 تکراری
2026-06-05 13:54:08,348 - WARNING - ⏳ [target2] محدودیت نرخ – انتظار 60.0s
2026-06-05 13:55:48,706 - WARNING - ⏳ [target2] محدودیت نرخ – انتظار 60.0s
2026-06-05 13:57:01,709 - INFO - 4 رکورد جدید ذخیره شد، 0 تکراری
2026-06-05 13:57:01,875 - INFO - ✅ پیام تلگرام ارسال شد.
2026-06-05 13:57:01,877 - INFO - ☕ استراحت 17.6 دقیقه‌ای
2026-06-05 14:14:46,873 - INFO - ⚡ چرخه 63: انتخاب دسته 159 تایی
2026-06-05 14:15:05,518 - WARNING - ⏳ [target1] محدودیت نرخ – انتظار 40.0s
2026-06-05 14:15:45,519 - WARNING - ⏳ [target1] محدودیت نرخ – انتظار 40.0s
2026-06-05 14:16:41,211 - WARNING - ⏳ [target1] محدودیت نرخ – انتظار 40.0s
2026-06-05 14:17:21,264 - WARNING - ⏳ [target1] محدودیت نرخ – انتظار 40.0s
2026-06-05 14:18:18,375 - WARNING - ⏳ [target1] محدودیت نرخ – انتظار 40.0s
2026-06-05 14:18:58,375 - WARNING - ⏳ [target1] محدودیت نرخ – انتظار 40.0s
2026-06-05 14:19:58,399 - WARNING - ⏳ [target1] محدودیت نرخ – انتظار 40.0s
2026-06-05 14:20:38,399 - WARNING - ⏳ [target1] محدودیت نرخ – انتظار 40.0s
2026-06-05 14:21:36,277 - WARNING - ⏳ [target1] محدودیت نرخ – انتظار 40.0s
2026-06-05 14:22:16,277 - WARNING - ⏳ [target1] محدودیت نرخ – انتظار 40.0s
2026-06-05 14:23:18,271 - WARNING - ⏳ [target1] محدودیت نرخ – انتظار 40.0s
2026-06-05 14:23:58,272 - WARNING - ⏳ [target1] محدودیت نرخ – انتظار 40.0s
2026-06-05 14:24:56,036 - WARNING - ⏳ [target1] محدودیت نرخ – انتظار 40.0s
2026-06-05 14:25:36,036 - WARNING - ⏳ [target1] محدودیت نرخ – انتظار 40.0s
2026-06-05 14:26:34,822 - WARNING - ⏳ [target1] محدودیت نرخ – انتظار 40.0s
2026-06-05 14:27:14,822 - WARNING - ⏳ [target1] محدودیت نرخ – انتظار 40.0s
2026-06-05 14:28:38,379 - WARNING - ⏳ [target1] محدودیت نرخ – انتظار 40.0s
2026-06-05 14:29:55,142 - WARNING - ⏳ [target1] محدودیت نرخ – انتظار 40.0s
2026-06-05 14:31:16,475 - WARNING - ⏳ [target1] محدودیت نرخ – انتظار 40.0s
2026-06-05 14:32:38,002 - WARNING - ⏳ [target1] محدودیت نرخ – انتظار 40.0s
2026-06-05 14:33:48,598 - INFO - 23 رکورد جدید ذخیره شد، 0 تکراری
2026-06-05 14:34:16,115 - WARNING - ⏳ [target2] محدودیت نرخ – انتظار 60.0s
2026-06-05 14:35:42,250 - WARNING - ⏳ [target2] محدودیت نرخ – انتظار 60.0s
2026-06-05 14:37:08,935 - WARNING - ⏳ [target2] محدودیت نرخ – انتظار 60.0s
2026-06-05 14:38:35,466 - WARNING - ⏳ [target2] محدودیت نرخ – انتظار 60.0s
2026-06-05 14:39:59,491 - WARNING - ⏳ [target2] محدودیت نرخ – انتظار 60.0s
2026-06-05 14:41:54,923 - WARNING - ⏳ [target2] محدودیت نرخ – انتظار 60.0s
2026-06-05 14:43:48,307 - WARNING - ⏳ [target2] محدودیت نرخ – انتظار 60.0s
2026-06-05 14:45:40,539 - WARNING - ⏳ [target2] محدودیت نرخ – انتظار 60.0s
2026-06-05 14:46:48,658 - INFO - 19 رکورد جدید ذخیره شد، 0 تکراری
2026-06-05 14:46:48,800 - INFO - ✅ پیام تلگرام ارسال شد.
2026-06-05 14:46:48,818 - INFO - 📦 فایل دیتابیس زیپ شد: output/db_backup_20260605_144648.zip
2026-06-05 14:46:49,490 - INFO - ✅ فایل db_backup_20260605_144648.zip به تلگرام ارسال شد.
2026-06-05 14:46:59,514 - INFO - ⚡ چرخه 64: انتخاب دسته 174 تایی
2026-06-05 14:47:19,436 - WARNING - ⏳ [target1] محدودیت نرخ – انتظار 40.0s
2026-06-05 14:47:59,436 - WARNING - ⏳ [target1] محدودیت نرخ – انتظار 40.0s
2026-06-05 14:48:56,755 - WARNING - ⏳ [target1] محدودیت نرخ – انتظار 40.0s
2026-06-05 14:49:36,755 - WARNING - ⏳ [target1] محدودیت نرخ – انتظار 40.0s
2026-06-05 14:50:32,461 - WARNING - ⏳ [target1] محدودیت نرخ – انتظار 40.0s
2026-06-05 14:51:12,461 - WARNING - ⏳ [target1] محدودیت نرخ – انتظار 40.0s
2026-06-05 14:52:08,966 - WARNING - ⏳ [target1] محدودیت نرخ – انتظار 40.0s
2026-06-05 14:52:48,967 - WARNING - ⏳ [target1] محدودیت نرخ – انتظار 40.0s
2026-06-05 14:53:45,511 - WARNING - ⏳ [target1] محدودیت نرخ – انتظار 40.0s
2026-06-05 14:54:25,511 - WARNING - ⏳ [target1] محدودیت نرخ – انتظار 40.0s
2026-06-05 14:55:23,196 - WARNING - ⏳ [target1] محدودیت نرخ – انتظار 40.0s
2026-06-05 14:56:03,196 - WARNING - ⏳ [target1] محدودیت نرخ – انتظار 40.0s
2026-06-05 14:57:01,569 - WARNING - ⏳ [target1] محدودیت نرخ – انتظار 40.0s
2026-06-05 14:57:41,570 - WARNING - ⏳ [target1] محدودیت نرخ – انتظار 40.0s
2026-06-05 14:58:37,571 - WARNING - ⏳ [target1] محدودیت نرخ – انتظار 40.0s
2026-06-05 14:59:17,571 - WARNING - ⏳ [target1] محدودیت نرخ – انتظار 40.0s
2026-06-05 15:00:32,243 - WARNING - ⏳ [target1] محدودیت نرخ – انتظار 40.0s
2026-06-05 15:01:47,065 - WARNING - ⏳ [target1] محدودیت نرخ – انتظار 40.0s
2026-06-05 15:03:00,864 - WARNING - ⏳ [target1] محدودیت نرخ – انتظار 40.0s
2026-06-05 15:04:23,941 - WARNING - ⏳ [target1] محدودیت نرخ – انتظار 40.0s
2026-06-05 15:05:21,929 - INFO - 18 رکورد جدید ذخیره شد، 0 تکراری
2026-06-05 15:05:47,675 - WARNING - ⏳ [target2] محدودیت نرخ – انتظار 60.0s
2026-06-05 15:07:13,415 - WARNING - ⏳ [target2] محدودیت نرخ – انتظار 60.0s
2026-06-05 15:08:38,019 - WARNING - ⏳ [target2] محدودیت نرخ – انتظار 60.0s
2026-06-05 15:10:03,731 - WARNING - ⏳ [target2] محدودیت نرخ – انتظار 60.0s
2026-06-05 15:11:29,310 - WARNING - ⏳ [target2] محدودیت نرخ – انتظار 60.0s
2026-06-05 15:13:13,297 - WARNING - ⏳ [target2] محدودیت نرخ – انتظار 60.0s
2026-06-05 15:15:04,535 - WARNING - ⏳ [target2] محدودیت نرخ – انتظار 60.0s
2026-06-05 15:17:00,631 - WARNING - ⏳ [target2] محدودیت نرخ – انتظار 60.0s
2026-06-05 15:18:27,048 - INFO - 18 رکورد جدید ذخیره شد، 0 تکراری
2026-06-05 15:18:27,246 - INFO - ✅ پیام تلگرام ارسال شد.
2026-06-05 15:18:36,130 - INFO - ⚡ چرخه 65: انتخاب دسته 123 تایی
2026-06-05 15:18:56,421 - WARNING - ⏳ [target1] محدودیت نرخ – انتظار 40.0s
2026-06-05 15:19:36,421 - WARNING - ⏳ [target1] محدودیت نرخ – انتظار 40.0s
2026-06-05 15:20:33,633 - WARNING - ⏳ [target1] محدودیت نرخ – انتظار 40.0s
2026-06-05 15:21:13,634 - WARNING - ⏳ [target1] محدودیت نرخ – انتظار 40.0s
2026-06-05 15:22:14,891 - WARNING - ⏳ [target1] محدودیت نرخ – انتظار 40.0s
2026-06-05 15:22:54,891 - WARNING - ⏳ [target1] محدودیت نرخ – انتظار 40.0s
2026-06-05 15:23:52,188 - WARNING - ⏳ [target1] محدودیت نرخ – انتظار 40.0s
2026-06-05 15:24:32,189 - WARNING - ⏳ [target1] محدودیت نرخ – انتظار 40.0s
2026-06-05 15:25:28,463 - WARNING - ⏳ [target1] محدودیت نرخ – انتظار 40.0s
2026-06-05 15:26:08,463 - WARNING - ⏳ [target1] محدودیت نرخ – انتظار 40.0s
2026-06-05 15:27:05,768 - WARNING - ⏳ [target1] محدودیت نرخ – انتظار 40.0s
2026-06-05 15:27:45,769 - WARNING - ⏳ [target1] محدودیت نرخ – انتظار 40.0s
2026-06-05 15:29:11,813 - WARNING - ⏳ [target1] محدودیت نرخ – انتظار 40.0s
2026-06-05 15:30:28,199 - WARNING - ⏳ [target1] محدودیت نرخ – انتظار 40.0s
2026-06-05 15:31:33,850 - INFO - 11 رکورد جدید ذخیره شد، 0 تکراری
2026-06-05 15:32:01,526 - WARNING - ⏳ [target2] محدودیت نرخ – انتظار 60.0s
2026-06-05 15:33:27,826 - WARNING - ⏳ [target2] محدودیت نرخ – انتظار 60.0s
2026-06-05 15:34:52,811 - WARNING - ⏳ [target2] محدودیت نرخ – انتظار 60.0s
2026-06-05 15:36:18,722 - WARNING - ⏳ [target2] محدودیت نرخ – انتظار 60.0s
2026-06-05 15:38:17,654 - WARNING - ⏳ [target2] محدودیت نرخ – انتظار 60.0s
2026-06-05 15:40:16,112 - WARNING - ⏳ [target2] محدودیت نرخ – انتظار 60.0s
2026-06-05 15:41:16,409 - INFO - 13 رکورد جدید ذخیره شد، 0 تکراری
2026-06-05 15:41:16,579 - INFO - ✅ پیام تلگرام ارسال شد.
2026-06-05 15:41:25,245 - INFO - ⚡ چرخه 66: انتخاب دسته 83 تایی
2026-06-05 15:41:44,603 - WARNING - ⏳ [target1] محدودیت نرخ – انتظار 40.0s
2026-06-05 15:42:24,603 - WARNING - ⏳ [target1] محدودیت نرخ – انتظار 40.0s
2026-06-05 15:43:21,337 - WARNING - ⏳ [target1] محدودیت نرخ – انتظار 40.0s
2026-06-05 15:44:01,337 - WARNING - ⏳ [target1] محدودیت نرخ – انتظار 40.0s
2026-06-05 15:44:58,930 - WARNING - ⏳ [target1] محدودیت نرخ – انتظار 40.0s
2026-06-05 15:45:38,930 - WARNING - ⏳ [target1] محدودیت نرخ – انتظار 40.0s
2026-06-05 15:46:36,880 - WARNING - ⏳ [target1] محدودیت نرخ – انتظار 40.0s
2026-06-05 15:47:16,880 - WARNING - ⏳ [target1] محدودیت نرخ – انتظار 40.0s
2026-06-05 15:48:37,461 - WARNING - ⏳ [target1] محدودیت نرخ – انتظار 40.0s
2026-06-05 15:49:25,334 - INFO - 5 رکورد جدید ذخیره شد، 0 تکراری
2026-06-05 15:49:53,270 - WARNING - ⏳ [target2] محدودیت نرخ – انتظار 60.0s
2026-06-05 15:51:18,200 - WARNING - ⏳ [target2] محدودیت نرخ – انتظار 60.0s
2026-06-05 15:52:59,556 - WARNING - ⏳ [target2] محدودیت نرخ – انتظار 60.0s
2026-06-05 15:54:52,633 - WARNING - ⏳ [target2] محدودیت نرخ – انتظار 60.0s
2026-06-05 15:55:53,100 - INFO - 9 رکورد جدید ذخیره شد، 0 تکراری
2026-06-05 15:56:00,370 - ERROR - ❌ خطا در اتصال تلگرام (پیام): Cannot connect to host api.telegram.org:443 ssl:default [Multiple exceptions: [Errno 110] Connect call failed ('2001:67c:4e8:f004::9', 443, 0, 0), [Errno 110] Connect call failed ('149.154.166.110', 443)]
2026-06-05 15:56:00,388 - INFO - 📦 فایل دیتابیس زیپ شد: output/db_backup_20260605_155600.zip
2026-06-05 15:56:07,658 - ERROR - ❌ خطا در اتصال تلگرام (فایل): Cannot connect to host api.telegram.org:443 ssl:default [Multiple exceptions: [Errno 110] Connect call failed ('2001:67c:4e8:f004::9', 443, 0, 0), [Errno 110] Connect call failed ('149.154.166.110', 443)]
2026-06-05 15:56:14,429 - INFO - ⚡ چرخه 67: انتخاب دسته 5 تایی
2026-06-05 15:56:36,706 - INFO - 2 رکورد جدید ذخیره شد، 0 تکراری
2026-06-05 15:56:48,503 - INFO - ✅ پیام تلگرام ارسال شد.
2026-06-05 15:56:58,817 - INFO - ⚡ چرخه 68: انتخاب دسته 179 تایی
2026-06-05 15:57:04,602 - WARNING - ⏳ [target1] محدودیت نرخ – انتظار 40.0s
2026-06-05 15:57:56,645 - WARNING - ⏳ [target1] محدودیت نرخ – انتظار 40.0s
2026-06-05 15:58:40,226 - WARNING - ⏳ [target1] محدودیت نرخ – انتظار 40.0s
2026-06-05 15:59:34,064 - WARNING - ⏳ [target1] محدودیت نرخ – انتظار 40.0s
2026-06-05 16:00:18,097 - WARNING - ⏳ [target1] محدودیت نرخ – انتظار 40.0s
2026-06-05 16:01:12,090 - WARNING - ⏳ [target1] محدودیت نرخ – انتظار 40.0s
2026-06-05 16:01:55,428 - WARNING - ⏳ [target1] محدودیت نرخ – انتظار 40.0s
2026-06-05 16:02:48,276 - WARNING - ⏳ [target1] محدودیت نرخ – انتظار 40.0s
2026-06-05 16:03:31,074 - WARNING - ⏳ [target1] محدودیت نرخ – انتظار 40.0s
2026-06-05 16:04:23,825 - WARNING - ⏳ [target1] محدودیت نرخ – انتظار 40.0s
2026-06-05 16:05:06,775 - WARNING - ⏳ [target1] محدودیت نرخ – انتظار 40.0s
2026-06-05 16:06:01,574 - WARNING - ⏳ [target1] محدودیت نرخ – انتظار 40.0s
2026-06-05 16:06:45,049 - WARNING - ⏳ [target1] محدودیت نرخ – انتظار 40.0s
2026-06-05 16:07:38,313 - WARNING - ⏳ [target1] محدودیت نرخ – انتظار 40.0s
2026-06-05 16:08:21,468 - WARNING - ⏳ [target1] محدودیت نرخ – انتظار 40.0s
2026-06-05 16:09:14,828 - WARNING - ⏳ [target1] محدودیت نرخ – انتظار 40.0s
2026-06-05 16:09:58,713 - WARNING - ⏳ [target1] محدودیت نرخ – انتظار 40.0s
2026-06-05 16:11:06,591 - WARNING - ⏳ [target1] محدودیت نرخ – انتظار 40.0s
2026-06-05 16:12:29,347 - WARNING - ⏳ [target1] محدودیت نرخ – انتظار 40.0s
2026-06-05 16:13:38,457 - WARNING - ⏳ [target1] محدودیت نرخ – انتظار 40.0s
2026-06-05 16:14:50,949 - WARNING - ⏳ [target1] محدودیت نرخ – انتظار 40.0s
2026-06-05 16:16:04,045 - WARNING - ⏳ [target1] محدودیت نرخ – انتظار 40.0s
2026-06-05 16:17:22,604 - WARNING - ⏳ [target1] محدودیت نرخ – انتظار 40.0s
2026-06-05 16:18:13,741 - INFO - 24 رکورد جدید ذخیره شد، 0 تکراری
2026-06-05 16:18:42,466 - WARNING - ⏳ [target2] محدودیت نرخ – انتظار 60.0s
2026-06-05 16:20:08,566 - WARNING - ⏳ [target2] محدودیت نرخ – انتظار 60.0s
2026-06-05 16:21:34,121 - WARNING - ⏳ [target2] محدودیت نرخ – انتظار 60.0s
2026-06-05 16:23:00,689 - WARNING - ⏳ [target2] محدودیت نرخ – انتظار 60.0s
2026-06-05 16:24:25,776 - WARNING - ⏳ [target2] محدودیت نرخ – انتظار 60.0s
2026-06-05 16:26:00,113 - WARNING - ⏳ [target2] محدودیت نرخ – انتظار 60.0s
2026-06-05 16:27:52,940 - WARNING - ⏳ [target2] محدودیت نرخ – انتظار 60.0s
2026-06-05 16:29:47,393 - WARNING - ⏳ [target2] محدودیت نرخ – انتظار 60.0s
2026-06-05 16:31:39,565 - WARNING - ⏳ [target2] محدودیت نرخ – انتظار 60.0s
2026-06-05 16:32:52,149 - INFO - 23 رکورد جدید ذخیره شد، 0 تکراری
2026-06-05 16:32:52,291 - INFO - ✅ پیام تلگرام ارسال شد.
2026-06-05 16:33:05,630 - INFO - ⚡ چرخه 69: انتخاب دسته 10 تایی
2026-06-05 16:33:35,007 - INFO - 1 رکورد جدید ذخیره شد، 0 تکراری
2026-06-05 16:33:56,708 - INFO - 1 رکورد جدید ذخیره شد، 0 تکراری
2026-06-05 16:33:56,871 - INFO - ✅ پیام تلگرام ارسال شد.
2026-06-05 16:33:56,890 - INFO - 📦 فایل دیتابیس زیپ شد: output/db_backup_20260605_163356.zip
2026-06-05 16:34:04,154 - ERROR - ❌ خطا در اتصال تلگرام (فایل): Cannot connect to host api.telegram.org:443 ssl:default [Multiple exceptions: [Errno 110] Connect call failed ('2001:67c:4e8:f004::9', 443, 0, 0), [Errno 110] Connect call failed ('149.154.166.110', 443)]
2026-06-05 16:34:04,154 - INFO - ☕ استراحت 5.2 دقیقه‌ای
2026-06-05 16:39:23,606 - INFO - ⚡ چرخه 70: انتخاب دسته 110 تایی
2026-06-05 16:39:43,656 - WARNING - ⏳ [target1] محدودیت نرخ – انتظار 40.0s
2026-06-05 16:40:23,657 - WARNING - ⏳ [target1] محدودیت نرخ – انتظار 40.0s
2026-06-05 16:41:21,576 - WARNING - ⏳ [target1] محدودیت نرخ – انتظار 40.0s
2026-06-05 16:42:01,576 - WARNING - ⏳ [target1] محدودیت نرخ – انتظار 40.0s
2026-06-05 16:43:01,086 - WARNING - ⏳ [target1] محدودیت نرخ – انتظار 40.0s
2026-06-05 16:43:41,086 - WARNING - ⏳ [target1] محدودیت نرخ – انتظار 40.0s
2026-06-05 16:44:40,225 - WARNING - ⏳ [target1] محدودیت نرخ – انتظار 40.0s
2026-06-05 16:45:20,225 - WARNING - ⏳ [target1] محدودیت نرخ – انتظار 40.0s
2026-06-05 16:46:17,383 - WARNING - ⏳ [target1] محدودیت نرخ – انتظار 40.0s
2026-06-05 16:46:57,384 - WARNING - ⏳ [target1] محدودیت نرخ – انتظار 40.0s
2026-06-05 16:48:09,910 - WARNING - ⏳ [target1] محدودیت نرخ – انتظار 40.0s
2026-06-05 16:49:22,352 - WARNING - ⏳ [target1] محدودیت نرخ – انتظار 40.0s
2026-06-05 16:50:41,854 - WARNING - ⏳ [target1] محدودیت نرخ – انتظار 40.0s
2026-06-05 16:51:45,343 - INFO - 14 رکورد جدید ذخیره شد، 0 تکراری
2026-06-05 16:52:11,899 - WARNING - ⏳ [target2] محدودیت نرخ – انتظار 60.0s
2026-06-05 16:53:36,017 - WARNING - ⏳ [target2] محدودیت نرخ – انتظار 60.0s
2026-06-05 16:55:03,170 - WARNING - ⏳ [target2] محدودیت نرخ – انتظار 60.0s
2026-06-05 16:56:45,888 - WARNING - ⏳ [target2] محدودیت نرخ – انتظار 60.0s
2026-06-05 16:58:35,836 - WARNING - ⏳ [target2] محدودیت نرخ – انتظار 60.0s
2026-06-05 16:59:40,243 - INFO - 9 رکورد جدید ذخیره شد، 0 تکراری
2026-06-05 16:59:40,407 - INFO - ✅ پیام تلگرام ارسال شد.
2026-06-05 16:59:46,281 - INFO - ⚡ چرخه 71: انتخاب دسته 66 تایی
2026-06-05 17:00:06,432 - WARNING - ⏳ [target1] محدودیت نرخ – انتظار 40.0s
2026-06-05 17:00:46,432 - WARNING - ⏳ [target1] محدودیت نرخ – انتظار 40.0s
2026-06-05 17:01:44,720 - WARNING - ⏳ [target1] محدودیت نرخ – انتظار 40.0s
2026-06-05 17:02:24,721 - WARNING - ⏳ [target1] محدودیت نرخ – انتظار 40.0s
2026-06-05 17:03:21,831 - WARNING - ⏳ [target1] محدودیت نرخ – انتظار 40.0s
2026-06-05 17:04:01,831 - WARNING - ⏳ [target1] محدودیت نرخ – انتظار 40.0s
2026-06-05 17:05:16,447 - WARNING - ⏳ [target1] محدودیت نرخ – انتظار 40.0s
2026-06-05 17:06:17,736 - INFO - 5 رکورد جدید ذخیره شد، 0 تکراری
2026-06-05 17:06:42,306 - WARNING - ⏳ [target2] محدودیت نرخ – انتظار 60.0s
2026-06-05 17:08:07,624 - WARNING - ⏳ [target2] محدودیت نرخ – انتظار 60.0s
2026-06-05 17:09:48,346 - INFO - 4 رکورد جدید ذخیره شد، 0 تکراری
2026-06-05 17:09:48,475 - INFO - ✅ پیام تلگرام ارسال شد.
2026-06-05 17:09:57,121 - INFO - پنجرهٔ فعالیت تمام شد. انتظار برای پنجرهٔ بعدی...
2026-06-05 17:09:57,121 - INFO - ⏰ خواب تا شروع پنجرهٔ 18.92 (76 دقیقه)
2026-06-05 18:26:13,815 - INFO - ⚡ چرخه 72: انتخاب دسته 174 تایی
2026-06-05 18:26:33,624 - WARNING - ⏳ [target1] محدودیت نرخ – انتظار 40.0s
2026-06-05 18:27:13,624 - WARNING - ⏳ [target1] محدودیت نرخ – انتظار 40.0s
2026-06-05 18:28:10,507 - WARNING - ⏳ [target1] محدودیت نرخ – انتظار 40.0s
2026-06-05 18:28:50,507 - WARNING - ⏳ [target1] محدودیت نرخ – انتظار 40.0s
2026-06-05 18:29:48,123 - WARNING - ⏳ [target1] محدودیت نرخ – انتظار 40.0s
2026-06-05 18:30:28,124 - WARNING - ⏳ [target1] محدودیت نرخ – انتظار 40.0s
2026-06-05 18:31:25,609 - WARNING - ⏳ [target1] محدودیت نرخ – انتظار 40.0s
2026-06-05 18:32:05,609 - WARNING - ⏳ [target1] محدودیت نرخ – انتظار 40.0s
2026-06-05 18:33:03,391 - WARNING - ⏳ [target1] محدودیت نرخ – انتظار 40.0s
2026-06-05 18:33:43,391 - WARNING - ⏳ [target1] محدودیت نرخ – انتظار 40.0s
2026-06-05 18:34:41,386 - WARNING - ⏳ [target1] محدودیت نرخ – انتظار 40.0s
2026-06-05 18:35:21,387 - WARNING - ⏳ [target1] محدودیت نرخ – انتظار 40.0s
2026-06-05 18:36:17,002 - WARNING - ⏳ [target1] محدودیت نرخ – انتظار 40.0s
2026-06-05 18:36:57,002 - WARNING - ⏳ [target1] محدودیت نرخ – انتظار 40.0s
2026-06-05 18:37:55,538 - WARNING - ⏳ [target1] محدودیت نرخ – انتظار 40.0s
2026-06-05 18:38:35,538 - WARNING - ⏳ [target1] محدودیت نرخ – انتظار 40.0s
2026-06-05 18:39:43,141 - WARNING - ⏳ [target1] محدودیت نرخ – انتظار 40.0s
2026-06-05 18:40:55,785 - WARNING - ⏳ [target1] محدودیت نرخ – انتظار 40.0s
2026-06-05 18:42:13,974 - WARNING - ⏳ [target1] محدودیت نرخ – انتظار 40.0s
2026-06-05 18:43:26,102 - WARNING - ⏳ [target1] محدودیت نرخ – انتظار 40.0s
2026-06-05 18:44:44,594 - WARNING - ⏳ [target1] محدودیت نرخ – انتظار 40.0s
2026-06-05 18:45:25,782 - INFO - 21 رکورد جدید ذخیره شد، 0 تکراری
2026-06-05 18:45:51,016 - WARNING - ⏳ [target2] محدودیت نرخ – انتظار 60.0s
2026-06-05 18:47:14,154 - WARNING - ⏳ [target2] محدودیت نرخ – انتظار 60.0s
2026-06-05 18:48:39,411 - WARNING - ⏳ [target2] محدودیت نرخ – انتظار 60.0s
2026-06-05 18:50:02,673 - WARNING - ⏳ [target2] محدودیت نرخ – انتظار 60.0s
2026-06-05 18:51:25,258 - WARNING - ⏳ [target2] محدودیت نرخ – انتظار 60.0s
2026-06-05 18:53:03,911 - WARNING - ⏳ [target2] محدودیت نرخ – انتظار 60.0s
2026-06-05 18:55:01,918 - WARNING - ⏳ [target2] محدودیت نرخ – انتظار 60.0s
2026-06-05 18:56:54,365 - WARNING - ⏳ [target2] محدودیت نرخ – انتظار 60.0s
2026-06-05 18:58:40,875 - INFO - 20 رکورد جدید ذخیره شد، 0 تکراری
2026-06-05 18:58:41,077 - INFO - ✅ پیام تلگرام ارسال شد.
2026-06-05 18:58:41,099 - INFO - 📦 فایل دیتابیس زیپ شد: output/db_backup_20260605_185841.zip
2026-06-05 18:58:48,370 - ERROR - ❌ خطا در اتصال تلگرام (فایل): Cannot connect to host api.telegram.org:443 ssl:default [Multiple exceptions: [Errno 110] Connect call failed ('2001:67c:4e8:f004::9', 443, 0, 0), [Errno 110] Connect call failed ('149.154.166.110', 443)]
2026-06-05 18:58:48,372 - INFO - ☕ استراحت 10.0 دقیقه‌ای
2026-06-05 19:08:56,008 - INFO - ⚡ چرخه 73: انتخاب دسته 187 تایی
2026-06-05 19:09:15,753 - WARNING - ⏳ [target1] محدودیت نرخ – انتظار 40.0s
2026-06-05 19:09:55,754 - WARNING - ⏳ [target1] محدودیت نرخ – انتظار 40.0s
2026-06-05 19:10:54,257 - WARNING - ⏳ [target1] محدودیت نرخ – انتظار 40.0s
2026-06-05 19:11:34,257 - WARNING - ⏳ [target1] محدودیت نرخ – انتظار 40.0s
2026-06-05 19:12:32,052 - WARNING - ⏳ [target1] محدودیت نرخ – انتظار 40.0s
2026-06-05 19:13:12,052 - WARNING - ⏳ [target1] محدودیت نرخ – انتظار 40.0s
2026-06-05 19:14:07,854 - WARNING - ⏳ [target1] محدودیت نرخ – انتظار 40.0s
2026-06-05 19:14:47,854 - WARNING - ⏳ [target1] محدودیت نرخ – انتظار 40.0s
2026-06-05 19:15:43,312 - WARNING - ⏳ [target1] محدودیت نرخ – انتظار 40.0s
2026-06-05 19:16:23,312 - WARNING - ⏳ [target1] محدودیت نرخ – انتظار 40.0s
2026-06-05 19:17:19,870 - WARNING - ⏳ [target1] محدودیت نرخ – انتظار 40.0s
2026-06-05 19:17:59,870 - WARNING - ⏳ [target1] محدودیت نرخ – انتظار 40.0s
2026-06-05 19:18:58,591 - WARNING - ⏳ [target1] محدودیت نرخ – انتظار 40.0s
2026-06-05 19:19:38,591 - WARNING - ⏳ [target1] محدودیت نرخ – انتظار 40.0s
2026-06-05 19:20:35,555 - WARNING - ⏳ [target1] محدودیت نرخ – انتظار 40.0s
2026-06-05 19:21:15,555 - WARNING - ⏳ [target1] محدودیت نرخ – انتظار 40.0s
2026-06-05 19:22:13,685 - WARNING - ⏳ [target1] محدودیت نرخ – انتظار 40.0s
2026-06-05 19:22:53,685 - WARNING - ⏳ [target1] محدودیت نرخ – انتظار 40.0s
2026-06-05 19:24:09,068 - WARNING - ⏳ [target1] محدودیت نرخ – انتظار 40.0s
2026-06-05 19:25:30,521 - WARNING - ⏳ [target1] محدودیت نرخ – انتظار 40.0s
2026-06-05 19:26:52,243 - WARNING - ⏳ [target1] محدودیت نرخ – انتظار 40.0s
2026-06-05 19:28:05,221 - WARNING - ⏳ [target1] محدودیت نرخ – انتظار 40.0s
2026-06-05 19:29:21,186 - WARNING - ⏳ [target1] محدودیت نرخ – انتظار 40.0s
2026-06-05 19:30:29,414 - INFO - 24 رکورد جدید ذخیره شد، 0 تکراری
2026-06-05 19:30:54,396 - WARNING - ⏳ [target2] محدودیت نرخ – انتظار 60.0s
2026-06-05 19:32:19,909 - WARNING - ⏳ [target2] محدودیت نرخ – انتظار 60.0s
2026-06-05 19:33:46,228 - WARNING - ⏳ [target2] محدودیت نرخ – انتظار 60.0s
2026-06-05 19:35:09,739 - WARNING - ⏳ [target2] محدودیت نرخ – انتظار 60.0s
2026-06-05 19:36:32,415 - WARNING - ⏳ [target2] محدودیت نرخ – انتظار 60.0s
2026-06-05 19:37:58,132 - WARNING - ⏳ [target2] محدودیت نرخ – انتظار 60.0s
2026-06-05 19:39:49,500 - WARNING - ⏳ [target2] محدودیت نرخ – انتظار 60.0s
2026-06-05 19:41:49,061 - WARNING - ⏳ [target2] محدودیت نرخ – انتظار 60.0s
2026-06-05 19:43:38,752 - WARNING - ⏳ [target2] محدودیت نرخ – انتظار 60.0s
2026-06-05 19:45:37,712 - WARNING - ⏳ [target2] محدودیت نرخ – انتظار 60.0s
2026-06-05 19:46:40,876 - INFO - 27 رکورد جدید ذخیره شد، 0 تکراری
2026-06-05 19:46:42,076 - INFO - ✅ پیام تلگرام ارسال شد.
2026-06-05 19:46:50,023 - INFO - ⚡ چرخه 74: انتخاب دسته 74 تایی
2026-06-05 19:47:09,389 - WARNING - ⏳ [target1] محدودیت نرخ – انتظار 40.0s
2026-06-05 19:47:49,389 - WARNING - ⏳ [target1] محدودیت نرخ – انتظار 40.0s
2026-06-05 19:48:46,651 - WARNING - ⏳ [target1] محدودیت نرخ – انتظار 40.0s
2026-06-05 19:49:26,652 - WARNING - ⏳ [target1] محدودیت نرخ – انتظار 40.0s
2026-06-05 19:50:22,275 - WARNING - ⏳ [target1] محدودیت نرخ – انتظار 40.0s
2026-06-05 19:51:02,275 - WARNING - ⏳ [target1] محدودیت نرخ – انتظار 40.0s
2026-06-05 19:52:11,585 - WARNING - ⏳ [target1] محدودیت نرخ – انتظار 40.0s
2026-06-05 19:53:31,789 - WARNING - ⏳ [target1] محدودیت نرخ – انتظار 40.0s
2026-06-05 19:54:28,163 - INFO - 8 رکورد جدید ذخیره شد، 0 تکراری
2026-06-05 19:54:55,934 - WARNING - ⏳ [target2] محدودیت نرخ – انتظار 60.0s
2026-06-05 19:56:21,858 - WARNING - ⏳ [target2] محدودیت نرخ – انتظار 60.0s
2026-06-05 19:58:04,320 - WARNING - ⏳ [target2] محدودیت نرخ – انتظار 60.0s
2026-06-05 19:59:51,438 - WARNING - ⏳ [target2] محدودیت نرخ – انتظار 60.0s
2026-06-05 20:00:58,598 - INFO - 11 رکورد جدید ذخیره شد، 0 تکراری
2026-06-05 20:00:58,829 - INFO - ✅ پیام تلگرام ارسال شد.
2026-06-05 20:01:06,530 - INFO - ⚡ چرخه 75: انتخاب دسته 20 تایی
2026-06-05 20:01:28,798 - WARNING - ⏳ [target1] محدودیت نرخ – انتظار 40.0s
2026-06-05 20:02:42,435 - INFO - 1 رکورد جدید ذخیره شد، 0 تکراری
2026-06-05 20:02:42,615 - INFO - ✅ پیام تلگرام ارسال شد.
2026-06-05 20:02:42,693 - INFO - 📦 فایل دیتابیس زیپ شد: output/db_backup_20260605_200242.zip
2026-06-05 20:02:43,316 - INFO - ✅ فایل db_backup_20260605_200242.zip به تلگرام ارسال شد.
2026-06-05 20:02:55,990 - INFO - ⚡ چرخه 76: انتخاب دسته 34 تایی
2026-06-05 20:03:13,577 - WARNING - ⏳ [target1] محدودیت نرخ – انتظار 40.0s
2026-06-05 20:03:53,577 - WARNING - ⏳ [target1] محدودیت نرخ – انتظار 40.0s
2026-06-05 20:04:55,816 - WARNING - ⏳ [target1] محدودیت نرخ – انتظار 40.0s
2026-06-05 20:06:08,513 - INFO - 5 رکورد جدید ذخیره شد، 0 تکراری
2026-06-05 20:06:37,072 - WARNING - ⏳ [target2] محدودیت نرخ – انتظار 60.0s
2026-06-05 20:08:19,835 - INFO - 5 رکورد جدید ذخیره شد، 0 تکراری
2026-06-05 20:08:20,021 - INFO - ✅ پیام تلگرام ارسال شد.
2026-06-05 20:08:20,022 - INFO - ☕ استراحت 15.6 دقیقه‌ای
2026-06-05 20:23:59,225 - INFO - ⚡ چرخه 77: انتخاب دسته 189 تایی
2026-06-05 20:24:18,811 - WARNING - ⏳ [target1] محدودیت نرخ – انتظار 40.0s
2026-06-05 20:24:58,812 - WARNING - ⏳ [target1] محدودیت نرخ – انتظار 40.0s
2026-06-05 20:25:54,731 - WARNING - ⏳ [target1] محدودیت نرخ – انتظار 40.0s
2026-06-05 20:26:34,732 - WARNING - ⏳ [target1] محدودیت نرخ – انتظار 40.0s
2026-06-05 20:27:30,145 - WARNING - ⏳ [target1] محدودیت نرخ – انتظار 40.0s
2026-06-05 20:28:10,146 - WARNING - ⏳ [target1] محدودیت نرخ – انتظار 40.0s
2026-06-05 20:29:06,570 - WARNING - ⏳ [target1] محدودیت نرخ – انتظار 40.0s
2026-06-05 20:29:46,570 - WARNING - ⏳ [target1] محدودیت نرخ – انتظار 40.0s
2026-06-05 20:30:43,972 - WARNING - ⏳ [target1] محدودیت نرخ – انتظار 40.0s
2026-06-05 20:31:23,973 - WARNING - ⏳ [target1] محدودیت نرخ – انتظار 40.0s
2026-06-05 20:32:22,395 - WARNING - ⏳ [target1] محدودیت نرخ – انتظار 40.0s
2026-06-05 20:33:02,396 - WARNING - ⏳ [target1] محدودیت نرخ – انتظار 40.0s
2026-06-05 20:33:58,785 - WARNING - ⏳ [target1] محدودیت نرخ – انتظار 40.0s
2026-06-05 20:34:38,785 - WARNING - ⏳ [target1] محدودیت نرخ – انتظار 40.0s
2026-06-05 20:35:34,919 - WARNING - ⏳ [target1] محدودیت نرخ – انتظار 40.0s
2026-06-05 20:36:14,919 - WARNING - ⏳ [target1] محدودیت نرخ – انتظار 40.0s
2026-06-05 20:37:12,022 - WARNING - ⏳ [target1] محدودیت نرخ – انتظار 40.0s
2026-06-05 20:37:52,022 - WARNING - ⏳ [target1] محدودیت نرخ – انتظار 40.0s
2026-06-05 20:39:00,113 - WARNING - ⏳ [target1] محدودیت نرخ – انتظار 40.0s
2026-06-05 20:40:05,526 - WARNING - ⏳ [target1] محدودیت نرخ – انتظار 40.0s
2026-06-05 20:41:32,225 - WARNING - ⏳ [target1] محدودیت نرخ – انتظار 40.0s
2026-06-05 20:42:42,412 - WARNING - ⏳ [target1] محدودیت نرخ – انتظار 40.0s
2026-06-05 20:44:07,959 - WARNING - ⏳ [target1] محدودیت نرخ – انتظار 40.0s
2026-06-05 20:44:48,215 - INFO - 20 رکورد جدید ذخیره شد، 0 تکراری
2026-06-05 20:45:18,009 - WARNING - ⏳ [target2] محدودیت نرخ – انتظار 60.0s
2026-06-05 20:46:41,217 - WARNING - ⏳ [target2] محدودیت نرخ – انتظار 60.0s
2026-06-05 20:48:06,162 - WARNING - ⏳ [target2] محدودیت نرخ – انتظار 60.0s
2026-06-05 20:49:28,781 - WARNING - ⏳ [target2] محدودیت نرخ – انتظار 60.0s
2026-06-05 20:50:52,047 - WARNING - ⏳ [target2] محدودیت نرخ – انتظار 60.0s
2026-06-05 20:52:16,310 - WARNING - ⏳ [target2] محدودیت نرخ – انتظار 60.0s
2026-06-05 20:54:03,076 - WARNING - ⏳ [target2] محدودیت نرخ – انتظار 60.0s
2026-06-05 20:55:57,255 - WARNING - ⏳ [target2] محدودیت نرخ – انتظار 60.0s
2026-06-05 20:57:36,289 - INFO - 17 رکورد جدید ذخیره شد، 0 تکراری
2026-06-05 20:57:36,439 - INFO - ✅ پیام تلگرام ارسال شد.
2026-06-05 20:57:47,626 - INFO - ⚡ چرخه 78: انتخاب دسته 117 تایی
2026-06-05 20:58:06,257 - WARNING - ⏳ [target1] محدودیت نرخ – انتظار 40.0s
2026-06-05 20:58:46,257 - WARNING - ⏳ [target1] محدودیت نرخ – انتظار 40.0s
2026-06-05 20:59:43,230 - WARNING - ⏳ [target1] محدودیت نرخ – انتظار 40.0s
2026-06-05 21:00:23,230 - WARNING - ⏳ [target1] محدودیت نرخ – انتظار 40.0s
2026-06-05 21:01:20,084 - WARNING - ⏳ [target1] محدودیت نرخ – انتظار 40.0s
2026-06-05 21:02:00,084 - WARNING - ⏳ [target1] محدودیت نرخ – انتظار 40.0s
2026-06-05 21:02:57,236 - WARNING - ⏳ [target1] محدودیت نرخ – انتظار 40.0s
2026-06-05 21:03:37,236 - WARNING - ⏳ [target1] محدودیت نرخ – انتظار 40.0s
2026-06-05 21:04:34,241 - WARNING - ⏳ [target1] محدودیت نرخ – انتظار 40.0s
2026-06-05 21:05:14,241 - WARNING - ⏳ [target1] محدودیت نرخ – انتظار 40.0s
2026-06-05 21:06:14,835 - WARNING - ⏳ [target1] محدودیت نرخ – انتظار 40.0s
2026-06-05 21:06:55,094 - WARNING - ⏳ [target1] محدودیت نرخ – انتظار 40.0s
2026-06-05 21:08:04,079 - WARNING - ⏳ [target1] محدودیت نرخ – انتظار 40.0s
2026-06-05 21:09:17,513 - WARNING - ⏳ [target1] محدودیت نرخ – انتظار 40.0s
2026-06-05 21:10:30,614 - INFO - 12 رکورد جدید ذخیره شد، 0 تکراری
2026-06-05 21:10:56,197 - WARNING - ⏳ [target2] محدودیت نرخ – انتظار 60.0s
2026-06-05 21:12:21,141 - WARNING - ⏳ [target2] محدودیت نرخ – انتظار 60.0s
2026-06-05 21:13:47,155 - WARNING - ⏳ [target2] محدودیت نرخ – انتظار 60.0s
2026-06-05 21:15:18,840 - WARNING - ⏳ [target2] محدودیت نرخ – انتظار 60.0s
2026-06-05 21:17:17,772 - WARNING - ⏳ [target2] محدودیت نرخ – انتظار 60.0s
2026-06-05 21:18:32,290 - INFO - 10 رکورد جدید ذخیره شد، 0 تکراری
2026-06-05 21:18:32,521 - INFO - ✅ پیام تلگرام ارسال شد.
2026-06-05 21:18:32,547 - INFO - 📦 فایل دیتابیس زیپ شد: output/db_backup_20260605_211832.zip
2026-06-05 21:18:33,315 - INFO - ✅ فایل db_backup_20260605_211832.zip به تلگرام ارسال شد.
2026-06-05 21:18:46,999 - INFO - ⚡ چرخه 79: انتخاب دسته 6 تایی
2026-06-05 21:19:28,666 - INFO - 2 رکورد جدید ذخیره شد، 0 تکراری
2026-06-05 21:19:35,938 - ERROR - ❌ خطا در اتصال تلگرام (پیام): Cannot connect to host api.telegram.org:443 ssl:default [Multiple exceptions: [Errno 110] Connect call failed ('2001:67c:4e8:f004::9', 443, 0, 0), [Errno 110] Connect call failed ('149.154.166.110', 443)]
2026-06-05 21:19:44,252 - INFO - ⚡ چرخه 80: انتخاب دسته 163 تایی
2026-06-05 21:20:02,887 - WARNING - ⏳ [target1] محدودیت نرخ – انتظار 40.0s
2026-06-05 21:20:42,887 - WARNING - ⏳ [target1] محدودیت نرخ – انتظار 40.0s
2026-06-05 21:21:39,489 - WARNING - ⏳ [target1] محدودیت نرخ – انتظار 40.0s
2026-06-05 21:22:19,505 - WARNING - ⏳ [target1] محدودیت نرخ – انتظار 40.0s
2026-06-05 21:23:14,918 - WARNING - ⏳ [target1] محدودیت نرخ – انتظار 40.0s
2026-06-05 21:23:54,919 - WARNING - ⏳ [target1] محدودیت نرخ – انتظار 40.0s
2026-06-05 21:24:52,782 - WARNING - ⏳ [target1] محدودیت نرخ – انتظار 40.0s
2026-06-05 21:25:32,782 - WARNING - ⏳ [target1] محدودیت نرخ – انتظار 40.0s
2026-06-05 21:26:29,900 - WARNING - ⏳ [target1] محدودیت نرخ – انتظار 40.0s
2026-06-05 21:27:09,900 - WARNING - ⏳ [target1] محدودیت نرخ – انتظار 40.0s
2026-06-05 21:28:06,632 - WARNING - ⏳ [target1] محدودیت نرخ – انتظار 40.0s
2026-06-05 21:28:46,632 - WARNING - ⏳ [target1] محدودیت نرخ – انتظار 40.0s
2026-06-05 21:29:42,523 - WARNING - ⏳ [target1] محدودیت نرخ – انتظار 40.0s
2026-06-05 21:30:22,524 - WARNING - ⏳ [target1] محدودیت نرخ – انتظار 40.0s
2026-06-05 21:31:20,596 - WARNING - ⏳ [target1] محدودیت نرخ – انتظار 40.0s
2026-06-05 21:32:00,597 - WARNING - ⏳ [target1] محدودیت نرخ – انتظار 40.0s
2026-06-05 21:33:16,597 - WARNING - ⏳ [target1] محدودیت نرخ – انتظار 40.0s
2026-06-05 21:34:44,455 - WARNING - ⏳ [target1] محدودیت نرخ – انتظار 40.0s
2026-06-05 21:36:05,959 - WARNING - ⏳ [target1] محدودیت نرخ – انتظار 40.0s
2026-06-05 21:37:15,833 - INFO - 17 رکورد جدید ذخیره شد، 0 تکراری
2026-06-05 21:37:42,202 - WARNING - ⏳ [target2] محدودیت نرخ – انتظار 60.0s
2026-06-05 21:39:05,798 - WARNING - ⏳ [target2] محدودیت نرخ – انتظار 60.0s
2026-06-05 21:40:32,616 - WARNING - ⏳ [target2] محدودیت نرخ – انتظار 60.0s
2026-06-05 21:41:56,074 - WARNING - ⏳ [target2] محدودیت نرخ – انتظار 60.0s
2026-06-05 21:43:21,634 - WARNING - ⏳ [target2] محدودیت نرخ – انتظار 60.0s
2026-06-05 21:45:13,187 - WARNING - ⏳ [target2] محدودیت نرخ – انتظار 60.0s
2026-06-05 21:47:09,552 - WARNING - ⏳ [target2] محدودیت نرخ – انتظار 60.0s
2026-06-05 21:49:02,558 - WARNING - ⏳ [target2] محدودیت نرخ – انتظار 60.0s
2026-06-05 21:50:22,721 - INFO - 20 رکورد جدید ذخیره شد، 0 تکراری
2026-06-05 21:50:22,959 - INFO - ✅ پیام تلگرام ارسال شد.
2026-06-05 21:50:34,863 - INFO - ⚡ چرخه 81: انتخاب دسته 114 تایی
2026-06-05 21:50:55,725 - WARNING - ⏳ [target1] محدودیت نرخ – انتظار 40.0s
2026-06-05 21:51:35,725 - WARNING - ⏳ [target1] محدودیت نرخ – انتظار 40.0s
2026-06-05 21:52:33,185 - WARNING - ⏳ [target1] محدودیت نرخ – انتظار 40.0s
2026-06-05 21:53:13,186 - WARNING - ⏳ [target1] محدودیت نرخ – انتظار 40.0s
2026-06-05 21:54:10,543 - WARNING - ⏳ [target1] محدودیت نرخ – انتظار 40.0s
2026-06-05 21:54:50,543 - WARNING - ⏳ [target1] محدودیت نرخ – انتظار 40.0s
2026-06-05 21:55:45,254 - WARNING - ⏳ [target1] محدودیت نرخ – انتظار 40.0s
2026-06-05 21:56:25,255 - WARNING - ⏳ [target1] محدودیت نرخ – انتظار 40.0s
2026-06-05 21:57:23,669 - WARNING - ⏳ [target1] محدودیت نرخ – انتظار 40.0s
2026-06-05 21:58:03,669 - WARNING - ⏳ [target1] محدودیت نرخ – انتظار 40.0s
2026-06-05 21:59:09,856 - WARNING - ⏳ [target1] محدودیت نرخ – انتظار 40.0s
2026-06-05 22:00:20,202 - WARNING - ⏳ [target1] محدودیت نرخ – انتظار 40.0s
2026-06-05 22:01:40,967 - WARNING - ⏳ [target1] محدودیت نرخ – انتظار 40.0s
2026-06-05 22:02:32,845 - INFO - 12 رکورد جدید ذخیره شد، 0 تکراری
2026-06-05 22:02:59,132 - WARNING - ⏳ [target2] محدودیت نرخ – انتظار 60.0s
2026-06-05 22:04:23,970 - WARNING - ⏳ [target2] محدودیت نرخ – انتظار 60.0s
2026-06-05 22:05:48,173 - WARNING - ⏳ [target2] محدودیت نرخ – انتظار 60.0s
2026-06-05 22:07:23,990 - WARNING - ⏳ [target2] محدودیت نرخ – انتظار 60.0s
2026-06-05 22:09:19,064 - WARNING - ⏳ [target2] محدودیت نرخ – انتظار 60.0s
2026-06-05 22:10:54,635 - INFO - 11 رکورد جدید ذخیره شد، 0 تکراری
2026-06-05 22:10:54,901 - INFO - ✅ پیام تلگرام ارسال شد.
2026-06-05 22:10:54,924 - INFO - 📦 فایل دیتابیس زیپ شد: output/db_backup_20260605_221054.zip
2026-06-05 22:11:02,194 - ERROR - ❌ خطا در اتصال تلگرام (فایل): Cannot connect to host api.telegram.org:443 ssl:default [Multiple exceptions: [Errno 110] Connect call failed ('2001:67c:4e8:f004::9', 443, 0, 0), [Errno 110] Connect call failed ('149.154.166.110', 443)]
2026-06-05 22:11:15,654 - INFO - ⚡ چرخه 82: انتخاب دسته 97 تایی
2026-06-05 22:11:33,195 - WARNING - ⏳ [target1] محدودیت نرخ – انتظار 40.0s
2026-06-05 22:12:13,196 - WARNING - ⏳ [target1] محدودیت نرخ – انتظار 40.0s
2026-06-05 22:13:12,066 - WARNING - ⏳ [target1] محدودیت نرخ – انتظار 40.0s
2026-06-05 22:13:52,067 - WARNING - ⏳ [target1] محدودیت نرخ – انتظار 40.0s
2026-06-05 22:14:48,966 - WARNING - ⏳ [target1] محدودیت نرخ – انتظار 40.0s
2026-06-05 22:15:28,966 - WARNING - ⏳ [target1] محدودیت نرخ – انتظار 40.0s
2026-06-05 22:16:25,149 - WARNING - ⏳ [target1] محدودیت نرخ – انتظار 40.0s
2026-06-05 22:17:05,149 - WARNING - ⏳ [target1] محدودیت نرخ – انتظار 40.0s
2026-06-05 22:18:08,854 - WARNING - ⏳ [target1] محدودیت نرخ – انتظار 40.0s
2026-06-05 22:19:26,477 - WARNING - ⏳ [target1] محدودیت نرخ – انتظار 40.0s
2026-06-05 22:20:46,132 - WARNING - ⏳ [target1] محدودیت نرخ – انتظار 40.0s
2026-06-05 22:21:34,623 - INFO - 11 رکورد جدید ذخیره شد، 0 تکراری
2026-06-05 22:21:59,570 - WARNING - ⏳ [target2] محدودیت نرخ – انتظار 60.0s
2026-06-05 22:23:25,726 - WARNING - ⏳ [target2] محدودیت نرخ – انتظار 60.0s
2026-06-05 22:24:49,494 - WARNING - ⏳ [target2] محدودیت نرخ – انتظار 60.0s
2026-06-05 22:26:47,971 - WARNING - ⏳ [target2] محدودیت نرخ – انتظار 60.0s
2026-06-05 22:28:12,562 - INFO - 8 رکورد جدید ذخیره شد، 0 تکراری
2026-06-05 22:28:12,743 - INFO - ✅ پیام تلگرام ارسال شد.
2026-06-05 22:28:20,643 - INFO - پنجرهٔ فعالیت تمام شد. انتظار برای پنجرهٔ بعدی...
2026-06-05 22:28:20,643 - INFO - ✅ در پنجرهٔ فعال 19.26 تا 23.12 – 9 دقیقه باقی‌مانده
2026-06-05 22:28:20,643 - INFO - ⚡ چرخه 83: انتخاب دسته 178 تایی
2026-06-05 22:28:39,904 - WARNING - ⏳ [target1] محدودیت نرخ – انتظار 40.0s
2026-06-05 22:29:19,905 - WARNING - ⏳ [target1] محدودیت نرخ – انتظار 40.0s
2026-06-05 22:30:16,442 - WARNING - ⏳ [target1] محدودیت نرخ – انتظار 40.0s
2026-06-05 22:30:56,443 - WARNING - ⏳ [target1] محدودیت نرخ – انتظار 40.0s
2026-06-05 22:31:54,541 - WARNING - ⏳ [target1] محدودیت نرخ – انتظار 40.0s
2026-06-05 22:32:34,541 - WARNING - ⏳ [target1] محدودیت نرخ – انتظار 40.0s
2026-06-05 22:33:33,629 - WARNING - ⏳ [target1] محدودیت نرخ – انتظار 40.0s
2026-06-05 22:34:13,630 - WARNING - ⏳ [target1] محدودیت نرخ – انتظار 40.0s
2026-06-05 22:35:10,394 - WARNING - ⏳ [target1] محدودیت نرخ – انتظار 40.0s
2026-06-05 22:35:50,394 - WARNING - ⏳ [target1] محدودیت نرخ – انتظار 40.0s
2026-06-05 22:36:48,271 - WARNING - ⏳ [target1] محدودیت نرخ – انتظار 40.0s
2026-06-05 22:37:28,272 - WARNING - ⏳ [target1] محدودیت نرخ – انتظار 40.0s
2026-06-05 22:38:24,917 - WARNING - ⏳ [target1] محدودیت نرخ – انتظار 40.0s
2026-06-05 22:39:04,917 - WARNING - ⏳ [target1] محدودیت نرخ – انتظار 40.0s
2026-06-05 22:40:02,587 - WARNING - ⏳ [target1] محدودیت نرخ – انتظار 40.0s
2026-06-05 22:40:42,587 - WARNING - ⏳ [target1] محدودیت نرخ – انتظار 40.0s
2026-06-05 22:41:50,314 - WARNING - ⏳ [target1] محدودیت نرخ – انتظار 40.0s
2026-06-05 22:42:58,176 - WARNING - ⏳ [target1] محدودیت نرخ – انتظار 40.0s
2026-06-05 22:44:19,192 - WARNING - ⏳ [target1] محدودیت نرخ – انتظار 40.0s
2026-06-05 22:45:24,224 - INFO - 12 رکورد جدید ذخیره شد، 0 تکراری
2026-06-05 22:45:49,143 - WARNING - ⏳ [target2] محدودیت نرخ – انتظار 60.0s
2026-06-05 22:47:16,020 - WARNING - ⏳ [target2] محدودیت نرخ – انتظار 60.0s
2026-06-05 22:48:40,734 - WARNING - ⏳ [target2] محدودیت نرخ – انتظار 60.0s
2026-06-05 22:50:05,235 - WARNING - ⏳ [target2] محدودیت نرخ – انتظار 60.0s
2026-06-05 22:51:29,574 - WARNING - ⏳ [target2] محدودیت نرخ – انتظار 60.0s
2026-06-05 22:53:01,486 - WARNING - ⏳ [target2] محدودیت نرخ – انتظار 60.0s
2026-06-05 22:54:58,375 - WARNING - ⏳ [target2] محدودیت نرخ – انتظار 60.0s
2026-06-05 22:56:57,297 - WARNING - ⏳ [target2] محدودیت نرخ – انتظار 60.0s
2026-06-05 22:58:07,793 - INFO - 16 رکورد جدید ذخیره شد، 0 تکراری
2026-06-05 22:58:07,974 - INFO - ✅ پیام تلگرام ارسال شد.
2026-06-05 22:58:20,577 - INFO - پنجرهٔ فعالیت تمام شد. انتظار برای پنجرهٔ بعدی...
2026-06-05 22:58:20,577 - INFO - 🌙 امروز تمام شد – خواب تا فردا ساعت 8.47 (9.0 ساعت)
2026-06-06 07:58:44,288 - INFO - ✅ در پنجرهٔ فعال 7.83 تا 12.46 – 240 دقیقه باقی‌مانده
2026-06-06 07:58:44,288 - INFO - ⚡ چرخه 84: انتخاب دسته 91 تایی
2026-06-06 07:59:02,654 - WARNING - ⏳ [target1] محدودیت نرخ – انتظار 40.0s
2026-06-06 07:59:42,654 - WARNING - ⏳ [target1] محدودیت نرخ – انتظار 40.0s
2026-06-06 08:00:40,184 - WARNING - ⏳ [target1] محدودیت نرخ – انتظار 40.0s
2026-06-06 08:01:20,184 - WARNING - ⏳ [target1] محدودیت نرخ – انتظار 40.0s
2026-06-06 08:02:16,689 - WARNING - ⏳ [target1] محدودیت نرخ – انتظار 40.0s
2026-06-06 08:02:56,689 - WARNING - ⏳ [target1] محدودیت نرخ – انتظار 40.0s
2026-06-06 08:03:53,720 - WARNING - ⏳ [target1] محدودیت نرخ – انتظار 40.0s
2026-06-06 08:04:33,720 - WARNING - ⏳ [target1] محدودیت نرخ – انتظار 40.0s
2026-06-06 08:05:52,776 - WARNING - ⏳ [target1] محدودیت نرخ – انتظار 40.0s
2026-06-06 08:07:17,947 - WARNING - ⏳ [target1] محدودیت نرخ – انتظار 40.0s
2026-06-06 08:08:29,825 - WARNING - ⏳ [target1] محدودیت نرخ – انتظار 40.0s
2026-06-06 08:09:22,379 - INFO - 12 رکورد جدید ذخیره شد، 0 تکراری
2026-06-06 08:09:48,937 - WARNING - ⏳ [target2] محدودیت نرخ – انتظار 60.0s
2026-06-06 08:11:11,672 - WARNING - ⏳ [target2] محدودیت نرخ – انتظار 60.0s
2026-06-06 08:12:34,671 - WARNING - ⏳ [target2] محدودیت نرخ – انتظار 60.0s
2026-06-06 08:14:28,112 - WARNING - ⏳ [target2] محدودیت نرخ – انتظار 60.0s
2026-06-06 08:15:30,662 - INFO - 6 رکورد جدید ذخیره شد، 0 تکراری
2026-06-06 08:15:30,805 - INFO - ✅ پیام تلگرام ارسال شد.
2026-06-06 08:15:30,832 - INFO - 📦 فایل دیتابیس زیپ شد: output/db_backup_20260606_081530.zip
2026-06-06 08:15:31,154 - INFO - ✅ فایل db_backup_20260606_081530.zip به تلگرام ارسال شد.
2026-06-06 08:15:37,688 - INFO - ⚡ چرخه 85: انتخاب دسته 35 تایی
2026-06-06 08:15:55,904 - WARNING - ⏳ [target1] محدودیت نرخ – انتظار 40.0s
2026-06-06 08:16:35,904 - WARNING - ⏳ [target1] محدودیت نرخ – انتظار 40.0s
2026-06-06 08:17:48,988 - WARNING - ⏳ [target1] محدودیت نرخ – انتظار 40.0s
2026-06-06 08:18:46,090 - INFO - 3 رکورد جدید ذخیره شد، 0 تکراری
2026-06-06 08:19:13,429 - WARNING - ⏳ [target2] محدودیت نرخ – انتظار 60.0s
2026-06-06 08:20:42,198 - INFO - 2 رکورد جدید ذخیره شد، 0 تکراری
2026-06-06 08:20:42,346 - INFO - ✅ پیام تلگرام ارسال شد.
2026-06-06 08:20:51,451 - INFO - ⚡ چرخه 86: انتخاب دسته 189 تایی
2026-06-06 08:21:11,162 - WARNING - ⏳ [target1] محدودیت نرخ – انتظار 40.0s
2026-06-06 08:21:51,162 - WARNING - ⏳ [target1] محدودیت نرخ – انتظار 40.0s
2026-06-06 08:22:47,274 - WARNING - ⏳ [target1] محدودیت نرخ – انتظار 40.0s
2026-06-06 08:23:27,274 - WARNING - ⏳ [target1] محدودیت نرخ – انتظار 40.0s
2026-06-06 08:24:23,604 - WARNING - ⏳ [target1] محدودیت نرخ – انتظار 40.0s
2026-06-06 08:25:03,604 - WARNING - ⏳ [target1] محدودیت نرخ – انتظار 40.0s
2026-06-06 08:25:59,102 - WARNING - ⏳ [target1] محدودیت نرخ – انتظار 40.0s
2026-06-06 08:26:39,102 - WARNING - ⏳ [target1] محدودیت نرخ – انتظار 40.0s
2026-06-06 08:27:34,926 - WARNING - ⏳ [target1] محدودیت نرخ – انتظار 40.0s
2026-06-06 08:28:14,926 - WARNING - ⏳ [target1] محدودیت نرخ – انتظار 40.0s
2026-06-06 08:29:11,238 - WARNING - ⏳ [target1] محدودیت نرخ – انتظار 40.0s
2026-06-06 08:29:51,238 - WARNING - ⏳ [target1] محدودیت نرخ – انتظار 40.0s
2026-06-06 08:30:48,405 - WARNING - ⏳ [target1] محدودیت نرخ – انتظار 40.0s
2026-06-06 08:31:28,405 - WARNING - ⏳ [target1] محدودیت نرخ – انتظار 40.0s
2026-06-06 08:32:26,319 - WARNING - ⏳ [target1] محدودیت نرخ – انتظار 40.0s
2026-06-06 08:33:06,319 - WARNING - ⏳ [target1] محدودیت نرخ – انتظار 40.0s
2026-06-06 08:34:02,369 - WARNING - ⏳ [target1] محدودیت نرخ – انتظار 40.0s
2026-06-06 08:34:42,369 - WARNING - ⏳ [target1] محدودیت نرخ – انتظار 40.0s
2026-06-06 08:35:48,729 - WARNING - ⏳ [target1] محدودیت نرخ – انتظار 40.0s
2026-06-06 08:37:08,972 - WARNING - ⏳ [target1] محدودیت نرخ – انتظار 40.0s
2026-06-06 08:38:25,065 - WARNING - ⏳ [target1] محدودیت نرخ – انتظار 40.0s
2026-06-06 08:39:44,719 - WARNING - ⏳ [target1] محدودیت نرخ – انتظار 40.0s
2026-06-06 08:41:05,985 - WARNING - ⏳ [target1] محدودیت نرخ – انتظار 40.0s
2026-06-06 08:41:52,269 - INFO - 22 رکورد جدید ذخیره شد، 0 تکراری
2026-06-06 08:42:19,685 - WARNING - ⏳ [target2] محدودیت نرخ – انتظار 60.0s
2026-06-06 08:43:43,035 - WARNING - ⏳ [target2] محدودیت نرخ – انتظار 60.0s
2026-06-06 08:45:05,133 - WARNING - ⏳ [target2] محدودیت نرخ – انتظار 60.0s
2026-06-06 08:46:31,180 - WARNING - ⏳ [target2] محدودیت نرخ – انتظار 60.0s
2026-06-06 08:47:53,921 - WARNING - ⏳ [target2] محدودیت نرخ – انتظار 60.0s
2026-06-06 08:49:16,621 - WARNING - ⏳ [target2] محدودیت نرخ – انتظار 60.0s
2026-06-06 08:51:49,209 - WARNING - ⏳ [target2] محدودیت نرخ – انتظار 60.0s
2026-06-06 08:53:48,541 - WARNING - ⏳ [target2] محدودیت نرخ – انتظار 60.0s
2026-06-06 08:55:36,677 - WARNING - ⏳ [target2] محدودیت نرخ – انتظار 60.0s
2026-06-06 08:56:50,951 - INFO - 24 رکورد جدید ذخیره شد، 0 تکراری
2026-06-06 08:56:51,075 - INFO - ✅ پیام تلگرام ارسال شد.
2026-06-06 08:56:51,076 - INFO - ☕ استراحت 13.8 دقیقه‌ای
2026-06-06 09:10:49,544 - INFO - ⚡ چرخه 87: انتخاب دسته 197 تایی
2026-06-06 09:11:09,135 - WARNING - ⏳ [target1] محدودیت نرخ – انتظار 40.0s
2026-06-06 09:11:49,135 - WARNING - ⏳ [target1] محدودیت نرخ – انتظار 40.0s
2026-06-06 09:12:46,595 - WARNING - ⏳ [target1] محدودیت نرخ – انتظار 40.0s
2026-06-06 09:13:26,595 - WARNING - ⏳ [target1] محدودیت نرخ – انتظار 40.0s
2026-06-06 09:14:24,575 - WARNING - ⏳ [target1] محدودیت نرخ – انتظار 40.0s
2026-06-06 09:15:04,576 - WARNING - ⏳ [target1] محدودیت نرخ – انتظار 40.0s
2026-06-06 09:16:01,743 - WARNING - ⏳ [target1] محدودیت نرخ – انتظار 40.0s
2026-06-06 09:16:41,743 - WARNING - ⏳ [target1] محدودیت نرخ – انتظار 40.0s
2026-06-06 09:17:39,741 - WARNING - ⏳ [target1] محدودیت نرخ – انتظار 40.0s
2026-06-06 09:18:19,741 - WARNING - ⏳ [target1] محدودیت نرخ – انتظار 40.0s
2026-06-06 09:19:17,465 - WARNING - ⏳ [target1] محدودیت نرخ – انتظار 40.0s
2026-06-06 09:19:57,466 - WARNING - ⏳ [target1] محدودیت نرخ – انتظار 40.0s
2026-06-06 09:20:52,107 - WARNING - ⏳ [target1] محدودیت نرخ – انتظار 40.0s
2026-06-06 09:21:32,107 - WARNING - ⏳ [target1] محدودیت نرخ – انتظار 40.0s
2026-06-06 09:22:31,661 - WARNING - ⏳ [target1] محدودیت نرخ – انتظار 40.0s
2026-06-06 09:23:11,661 - WARNING - ⏳ [target1] محدودیت نرخ – انتظار 40.0s
2026-06-06 09:24:09,053 - WARNING - ⏳ [target1] محدودیت نرخ – انتظار 40.0s
2026-06-06 09:24:49,053 - WARNING - ⏳ [target1] محدودیت نرخ – انتظار 40.0s
2026-06-06 09:25:49,012 - WARNING - ⏳ [target1] محدودیت نرخ – انتظار 40.0s
2026-06-06 09:26:29,013 - WARNING - ⏳ [target1] محدودیت نرخ – انتظار 40.0s
2026-06-06 09:27:39,824 - WARNING - ⏳ [target1] محدودیت نرخ – انتظار 40.0s
2026-06-06 09:28:57,384 - WARNING - ⏳ [target1] محدودیت نرخ – انتظار 40.0s
2026-06-06 09:30:20,405 - WARNING - ⏳ [target1] محدودیت نرخ – انتظار 40.0s
2026-06-06 09:31:38,760 - WARNING - ⏳ [target1] محدودیت نرخ – انتظار 40.0s
2026-06-06 09:32:57,422 - WARNING - ⏳ [target1] محدودیت نرخ – انتظار 40.0s
2026-06-06 09:33:39,810 - INFO - 24 رکورد جدید ذخیره شد، 0 تکراری
2026-06-06 09:34:10,513 - WARNING - ⏳ [target2] محدودیت نرخ – انتظار 60.0s
2026-06-06 09:35:36,957 - WARNING - ⏳ [target2] محدودیت نرخ – انتظار 60.0s
2026-06-06 09:37:04,146 - WARNING - ⏳ [target2] محدودیت نرخ – انتظار 60.0s
2026-06-06 09:38:28,217 - WARNING - ⏳ [target2] محدودیت نرخ – انتظار 60.0s
2026-06-06 09:39:54,624 - WARNING - ⏳ [target2] محدودیت نرخ – انتظار 60.0s
2026-06-06 09:41:20,427 - WARNING - ⏳ [target2] محدودیت نرخ – انتظار 60.0s
2026-06-06 09:43:06,847 - WARNING - ⏳ [target2] محدودیت نرخ – انتظار 60.0s
2026-06-06 09:44:57,410 - WARNING - ⏳ [target2] محدودیت نرخ – انتظار 60.0s
2026-06-06 09:46:54,083 - WARNING - ⏳ [target2] محدودیت نرخ – انتظار 60.0s
2026-06-06 09:48:49,376 - WARNING - ⏳ [target2] محدودیت نرخ – انتظار 60.0s
2026-06-06 09:50:03,584 - INFO - 25 رکورد جدید ذخیره شد، 0 تکراری
2026-06-06 09:50:03,732 - INFO - ✅ پیام تلگرام ارسال شد.
2026-06-06 09:50:03,755 - INFO - 📦 فایل دیتابیس زیپ شد: output/db_backup_20260606_095003.zip
2026-06-06 09:50:11,027 - ERROR - ❌ خطا در اتصال تلگرام (فایل): Cannot connect to host api.telegram.org:443 ssl:default [Multiple exceptions: [Errno 110] Connect call failed ('2001:67c:4e8:f004::9', 443, 0, 0), [Errno 110] Connect call failed ('149.154.166.110', 443)]
2026-06-06 09:50:19,784 - INFO - ⚡ چرخه 88: انتخاب دسته 80 تایی
2026-06-06 09:50:38,255 - WARNING - ⏳ [target1] محدودیت نرخ – انتظار 40.0s
2026-06-06 09:51:18,255 - WARNING - ⏳ [target1] محدودیت نرخ – انتظار 40.0s
2026-06-06 09:52:13,655 - WARNING - ⏳ [target1] محدودیت نرخ – انتظار 40.0s
2026-06-06 09:52:53,655 - WARNING - ⏳ [target1] محدودیت نرخ – انتظار 40.0s
2026-06-06 09:53:53,155 - WARNING - ⏳ [target1] محدودیت نرخ – انتظار 40.0s
2026-06-06 09:54:33,156 - WARNING - ⏳ [target1] محدودیت نرخ – انتظار 40.0s
2026-06-06 09:55:35,704 - WARNING - ⏳ [target1] محدودیت نرخ – انتظار 40.0s
2026-06-06 09:56:55,595 - WARNING - ⏳ [target1] محدودیت نرخ – انتظار 40.0s
2026-06-06 09:57:47,153 - INFO - 6 رکورد جدید ذخیره شد، 0 تکراری
2026-06-06 09:58:16,362 - WARNING - ⏳ [target2] محدودیت نرخ – انتظار 60.0s
2026-06-06 09:59:42,705 - WARNING - ⏳ [target2] محدودیت نرخ – انتظار 60.0s
2026-06-06 10:01:28,327 - WARNING - ⏳ [target2] محدودیت نرخ – انتظار 60.0s
2026-06-06 10:03:26,669 - WARNING - ⏳ [target2] محدودیت نرخ – انتظار 60.0s
2026-06-06 10:04:50,202 - INFO - 12 رکورد جدید ذخیره شد، 0 تکراری
2026-06-06 10:04:57,474 - ERROR - ❌ خطا در اتصال تلگرام (پیام): Cannot connect to host api.telegram.org:443 ssl:default [Multiple exceptions: [Errno 110] Connect call failed ('2001:67c:4e8:f004::9', 443, 0, 0), [Errno 110] Connect call failed ('149.154.166.110', 443)]
2026-06-06 10:05:04,649 - INFO - ⚡ چرخه 89: انتخاب دسته 41 تایی
2026-06-06 10:05:23,897 - WARNING - ⏳ [target1] محدودیت نرخ – انتظار 40.0s
2026-06-06 10:06:03,897 - WARNING - ⏳ [target1] محدودیت نرخ – انتظار 40.0s
2026-06-06 10:07:00,524 - WARNING - ⏳ [target1] محدودیت نرخ – انتظار 40.0s
2026-06-06 10:07:40,525 - WARNING - ⏳ [target1] محدودیت نرخ – انتظار 40.0s
2026-06-06 10:09:00,827 - WARNING - ⏳ [target1] محدودیت نرخ – انتظار 40.0s
2026-06-06 10:09:41,054 - INFO - 4 رکورد جدید ذخیره شد، 0 تکراری
2026-06-06 10:10:07,069 - WARNING - ⏳ [target2] محدودیت نرخ – انتظار 60.0s
2026-06-06 10:11:36,496 - INFO - 2 رکورد جدید ذخیره شد، 0 تکراری
2026-06-06 10:11:36,663 - INFO - ✅ پیام تلگرام ارسال شد.
2026-06-06 10:11:49,110 - INFO - ⚡ چرخه 90: انتخاب دسته 36 تایی
2026-06-06 10:12:05,783 - WARNING - ⏳ [target1] محدودیت نرخ – انتظار 40.0s
2026-06-06 10:12:45,783 - WARNING - ⏳ [target1] محدودیت نرخ – انتظار 40.0s
2026-06-06 10:13:50,816 - WARNING - ⏳ [target1] محدودیت نرخ – انتظار 40.0s
2026-06-06 10:15:10,091 - WARNING - ⏳ [target1] محدودیت نرخ – انتظار 40.0s
2026-06-06 10:15:53,267 - INFO - 5 رکورد جدید ذخیره شد، 0 تکراری
2026-06-06 10:16:17,909 - WARNING - ⏳ [target2] محدودیت نرخ – انتظار 60.0s
2026-06-06 10:18:00,860 - INFO - 4 رکورد جدید ذخیره شد، 0 تکراری
2026-06-06 10:18:01,032 - INFO - ✅ پیام تلگرام ارسال شد.
2026-06-06 10:18:01,055 - INFO - 📦 فایل دیتابیس زیپ شد: output/db_backup_20260606_101801.zip
2026-06-06 10:18:01,473 - INFO - ✅ فایل db_backup_20260606_101801.zip به تلگرام ارسال شد.
2026-06-06 10:18:12,741 - INFO - ⚡ چرخه 91: انتخاب دسته 44 تایی
2026-06-06 10:18:32,301 - WARNING - ⏳ [target1] محدودیت نرخ – انتظار 40.0s
2026-06-06 10:19:12,302 - WARNING - ⏳ [target1] محدودیت نرخ – انتظار 40.0s
2026-06-06 10:20:08,783 - WARNING - ⏳ [target1] محدودیت نرخ – انتظار 40.0s
2026-06-06 10:20:48,783 - WARNING - ⏳ [target1] محدودیت نرخ – انتظار 40.0s
2026-06-06 10:22:07,628 - WARNING - ⏳ [target1] محدودیت نرخ – انتظار 40.0s
2026-06-06 10:22:57,942 - INFO - 4 رکورد جدید ذخیره شد، 0 تکراری
2026-06-06 10:23:28,303 - WARNING - ⏳ [target2] محدودیت نرخ – انتظار 60.0s
2026-06-06 10:25:06,582 - WARNING - ⏳ [target2] محدودیت نرخ – انتظار 60.0s
2026-06-06 10:26:18,441 - INFO - 4 رکورد جدید ذخیره شد، 0 تکراری
2026-06-06 10:26:18,620 - INFO - ✅ پیام تلگرام ارسال شد.
2026-06-06 10:26:29,476 - INFO - ⚡ چرخه 92: انتخاب دسته 176 تایی
2026-06-06 10:26:48,593 - WARNING - ⏳ [target1] محدودیت نرخ – انتظار 40.0s
2026-06-06 10:27:28,594 - WARNING - ⏳ [target1] محدودیت نرخ – انتظار 40.0s
2026-06-06 10:28:25,974 - WARNING - ⏳ [target1] محدودیت نرخ – انتظار 40.0s
2026-06-06 10:29:05,975 - WARNING - ⏳ [target1] محدودیت نرخ – انتظار 40.0s
2026-06-06 10:30:02,563 - WARNING - ⏳ [target1] محدودیت نرخ – انتظار 40.0s
2026-06-06 10:30:42,563 - WARNING - ⏳ [target1] محدودیت نرخ – انتظار 40.0s
2026-06-06 10:31:40,414 - WARNING - ⏳ [target1] محدودیت نرخ – انتظار 40.0s
2026-06-06 10:32:20,414 - WARNING - ⏳ [target1] محدودیت نرخ – انتظار 40.0s
2026-06-06 10:33:18,020 - WARNING - ⏳ [target1] محدودیت نرخ – انتظار 40.0s
2026-06-06 10:33:58,020 - WARNING - ⏳ [target1] محدودیت نرخ – انتظار 40.0s
2026-06-06 10:34:55,046 - WARNING - ⏳ [target1] محدودیت نرخ – انتظار 40.0s
2026-06-06 10:35:35,046 - WARNING - ⏳ [target1] محدودیت نرخ – انتظار 40.0s
2026-06-06 10:36:31,616 - WARNING - ⏳ [target1] محدودیت نرخ – انتظار 40.0s
2026-06-06 10:37:11,616 - WARNING - ⏳ [target1] محدودیت نرخ – انتظار 40.0s
2026-06-06 10:38:08,148 - WARNING - ⏳ [target1] محدودیت نرخ – انتظار 40.0s
2026-06-06 10:38:48,149 - WARNING - ⏳ [target1] محدودیت نرخ – انتظار 40.0s
2026-06-06 10:39:54,196 - WARNING - ⏳ [target1] محدودیت نرخ – انتظار 40.0s
2026-06-06 10:41:05,838 - WARNING - ⏳ [target1] محدودیت نرخ – انتظار 40.0s
2026-06-06 10:42:21,734 - WARNING - ⏳ [target1] محدودیت نرخ – انتظار 40.0s
2026-06-06 10:43:36,179 - WARNING - ⏳ [target1] محدودیت نرخ – انتظار 40.0s
2026-06-06 10:44:49,849 - INFO - 17 رکورد جدید ذخیره شد، 0 تکراری
2026-06-06 10:45:19,530 - WARNING - ⏳ [target2] محدودیت نرخ – انتظار 60.0s
2026-06-06 10:46:46,947 - WARNING - ⏳ [target2] محدودیت نرخ – انتظار 60.0s
2026-06-06 10:48:13,666 - WARNING - ⏳ [target2] محدودیت نرخ – انتظار 60.0s
2026-06-06 10:49:38,101 - WARNING - ⏳ [target2] محدودیت نرخ – انتظار 60.0s
2026-06-06 10:51:02,620 - WARNING - ⏳ [target2] محدودیت نرخ – انتظار 60.0s
2026-06-06 10:52:36,571 - WARNING - ⏳ [target2] محدودیت نرخ – انتظار 60.0s
2026-06-06 10:54:33,322 - WARNING - ⏳ [target2] محدودیت نرخ – انتظار 60.0s
2026-06-06 10:56:39,857 - WARNING - ⏳ [target2] محدودیت نرخ – انتظار 60.0s
2026-06-06 10:58:05,901 - INFO - 18 رکورد جدید ذخیره شد، 0 تکراری
2026-06-06 10:58:06,064 - INFO - ✅ پیام تلگرام ارسال شد.
2026-06-06 10:58:06,065 - INFO - ☕ استراحت 12.3 دقیقه‌ای
2026-06-06 11:10:35,340 - INFO - ⚡ چرخه 93: انتخاب دسته 120 تایی
2026-06-06 11:10:54,214 - WARNING - ⏳ [target1] محدودیت نرخ – انتظار 40.0s
2026-06-06 11:11:34,214 - WARNING - ⏳ [target1] محدودیت نرخ – انتظار 40.0s
2026-06-06 11:12:32,070 - WARNING - ⏳ [target1] محدودیت نرخ – انتظار 40.0s
2026-06-06 11:13:12,071 - WARNING - ⏳ [target1] محدودیت نرخ – انتظار 40.0s
2026-06-06 11:14:10,023 - WARNING - ⏳ [target1] محدودیت نرخ – انتظار 40.0s
2026-06-06 11:14:50,024 - WARNING - ⏳ [target1] محدودیت نرخ – انتظار 40.0s
2026-06-06 11:15:46,022 - WARNING - ⏳ [target1] محدودیت نرخ – انتظار 40.0s
2026-06-06 11:16:26,022 - WARNING - ⏳ [target1] محدودیت نرخ – انتظار 40.0s
2026-06-06 11:17:23,274 - WARNING - ⏳ [target1] محدودیت نرخ – انتظار 40.0s
2026-06-06 11:18:03,274 - WARNING - ⏳ [target1] محدودیت نرخ – انتظار 40.0s
2026-06-06 11:19:03,495 - WARNING - ⏳ [target1] محدودیت نرخ – انتظار 40.0s
2026-06-06 11:19:43,495 - WARNING - ⏳ [target1] محدودیت نرخ – انتظار 40.0s
2026-06-06 11:21:06,644 - WARNING - ⏳ [target1] محدودیت نرخ – انتظار 40.0s
2026-06-06 11:22:33,140 - WARNING - ⏳ [target1] محدودیت نرخ – انتظار 40.0s
2026-06-06 11:23:43,368 - WARNING - ⏳ [target1] محدودیت نرخ – انتظار 40.0s
2026-06-06 11:24:23,645 - INFO - 14 رکورد جدید ذخیره شد، 0 تکراری
2026-06-06 11:24:51,943 - WARNING - ⏳ [target2] محدودیت نرخ – انتظار 60.0s
2026-06-06 11:26:17,727 - WARNING - ⏳ [target2] محدودیت نرخ – انتظار 60.0s
2026-06-06 11:27:47,742 - WARNING - ⏳ [target2] محدودیت نرخ – انتظار 60.0s
2026-06-06 11:29:22,675 - WARNING - ⏳ [target2] محدودیت نرخ – انتظار 60.0s
2026-06-06 11:31:09,143 - INFO - 6 رکورد جدید ذخیره شد، 0 تکراری
2026-06-06 11:31:09,317 - INFO - ✅ پیام تلگرام ارسال شد.
2026-06-06 11:31:09,350 - INFO - 📦 فایل دیتابیس زیپ شد: output/db_backup_20260606_113109.zip
2026-06-06 11:31:16,618 - ERROR - ❌ خطا در اتصال تلگرام (فایل): Cannot connect to host api.telegram.org:443 ssl:default [Multiple exceptions: [Errno 110] Connect call failed ('2001:67c:4e8:f004::9', 443, 0, 0), [Errno 110] Connect call failed ('149.154.166.110', 443)]
2026-06-06 11:31:25,582 - INFO - ⚡ چرخه 94: انتخاب دسته 69 تایی
2026-06-06 11:31:43,968 - WARNING - ⏳ [target1] محدودیت نرخ – انتظار 40.0s
2026-06-06 11:32:23,968 - WARNING - ⏳ [target1] محدودیت نرخ – انتظار 40.0s
2026-06-06 11:33:21,600 - WARNING - ⏳ [target1] محدودیت نرخ – انتظار 40.0s
2026-06-06 11:34:01,600 - WARNING - ⏳ [target1] محدودیت نرخ – انتظار 40.0s
2026-06-06 11:34:58,785 - WARNING - ⏳ [target1] محدودیت نرخ – انتظار 40.0s
2026-06-06 11:35:38,785 - WARNING - ⏳ [target1] محدودیت نرخ – انتظار 40.0s
2026-06-06 11:36:48,763 - WARNING - ⏳ [target1] محدودیت نرخ – انتظار 40.0s
2026-06-06 11:38:09,497 - WARNING - ⏳ [target1] محدودیت نرخ – انتظار 40.0s
2026-06-06 11:39:02,367 - INFO - 8 رکورد جدید ذخیره شد، 0 تکراری
2026-06-06 11:39:27,706 - WARNING - ⏳ [target2] محدودیت نرخ – انتظار 60.0s
2026-06-06 11:40:51,788 - WARNING - ⏳ [target2] محدودیت نرخ – انتظار 60.0s
2026-06-06 11:42:42,049 - WARNING - ⏳ [target2] محدودیت نرخ – انتظار 60.0s
2026-06-06 11:44:00,369 - INFO - 7 رکورد جدید ذخیره شد، 0 تکراری
2026-06-06 11:44:00,551 - INFO - ✅ پیام تلگرام ارسال شد.
2026-06-06 11:44:07,704 - INFO - ⚡ چرخه 95: انتخاب دسته 187 تایی
2026-06-06 11:44:29,904 - WARNING - ⏳ [target1] محدودیت نرخ – انتظار 40.0s
2026-06-06 11:45:09,905 - WARNING - ⏳ [target1] محدودیت نرخ – انتظار 40.0s
2026-06-06 11:46:05,681 - WARNING - ⏳ [target1] محدودیت نرخ – انتظار 40.0s
2026-06-06 11:46:45,681 - WARNING - ⏳ [target1] محدودیت نرخ – انتظار 40.0s
2026-06-06 11:47:46,438 - WARNING - ⏳ [target1] محدودیت نرخ – انتظار 40.0s
2026-06-06 11:48:26,438 - WARNING - ⏳ [target1] محدودیت نرخ – انتظار 40.0s
2026-06-06 11:49:21,438 - WARNING - ⏳ [target1] محدودیت نرخ – انتظار 40.0s
2026-06-06 11:50:01,438 - WARNING - ⏳ [target1] محدودیت نرخ – انتظار 40.0s
2026-06-06 11:51:04,923 - WARNING - ⏳ [target1] محدودیت نرخ – انتظار 40.0s
2026-06-06 11:51:55,154 - WARNING - ⏳ [target1] محدودیت نرخ – انتظار 40.0s
2026-06-06 11:52:41,614 - WARNING - ⏳ [target1] محدودیت نرخ – انتظار 40.0s
2026-06-06 11:53:31,940 - WARNING - ⏳ [target1] محدودیت نرخ – انتظار 40.0s
2026-06-06 11:54:17,781 - WARNING - ⏳ [target1] محدودیت نرخ – انتظار 40.0s
2026-06-06 11:55:08,756 - WARNING - ⏳ [target1] محدودیت نرخ – انتظار 40.0s
2026-06-06 11:55:53,982 - WARNING - ⏳ [target1] محدودیت نرخ – انتظار 40.0s
2026-06-06 11:56:43,598 - WARNING - ⏳ [target1] محدودیت نرخ – انتظار 40.0s
2026-06-06 11:57:30,051 - WARNING - ⏳ [target1] محدودیت نرخ – انتظار 40.0s
2026-06-06 11:58:40,677 - WARNING - ⏳ [target1] محدودیت نرخ – انتظار 40.0s
2026-06-06 12:00:00,703 - WARNING - ⏳ [target1] محدودیت نرخ – انتظار 40.0s
2026-06-06 12:01:25,481 - WARNING - ⏳ [target1] محدودیت نرخ – انتظار 40.0s
2026-06-06 12:02:44,549 - WARNING - ⏳ [target1] محدودیت نرخ – انتظار 40.0s
2026-06-06 12:03:57,854 - WARNING - ⏳ [target1] محدودیت نرخ – انتظار 40.0s
2026-06-06 12:04:38,156 - INFO - 21 رکورد جدید ذخیره شد، 0 تکراری
2026-06-06 12:05:05,484 - WARNING - ⏳ [target2] محدودیت نرخ – انتظار 60.0s
2026-06-06 12:06:30,074 - WARNING - ⏳ [target2] محدودیت نرخ – انتظار 60.0s
2026-06-06 12:08:05,421 - WARNING - ⏳ [target2] محدودیت نرخ – انتظار 60.0s
2026-06-06 12:09:31,415 - WARNING - ⏳ [target2] محدودیت نرخ – انتظار 60.0s
2026-06-06 12:10:57,059 - WARNING - ⏳ [target2] محدودیت نرخ – انتظار 60.0s
2026-06-06 12:12:25,696 - WARNING - ⏳ [target2] محدودیت نرخ – انتظار 60.0s
2026-06-06 12:14:30,499 - WARNING - ⏳ [target2] محدودیت نرخ – انتظار 60.0s
2026-06-06 12:16:22,027 - WARNING - ⏳ [target2] محدودیت نرخ – انتظار 60.0s
2026-06-06 12:18:24,862 - WARNING - ⏳ [target2] محدودیت نرخ – انتظار 60.0s
2026-06-06 12:19:25,439 - INFO - 19 رکورد جدید ذخیره شد، 0 تکراری
2026-06-06 12:19:32,706 - ERROR - ❌ خطا در اتصال تلگرام (پیام): Cannot connect to host api.telegram.org:443 ssl:default [Multiple exceptions: [Errno 110] Connect call failed ('2001:67c:4e8:f004::9', 443, 0, 0), [Errno 110] Connect call failed ('149.154.166.110', 443)]
2026-06-06 12:19:40,947 - INFO - پنجرهٔ فعالیت تمام شد. انتظار برای پنجرهٔ بعدی...
2026-06-06 12:19:40,947 - INFO - ⏰ خواب تا شروع پنجرهٔ 13.87 (63 دقیقه)
2026-06-06 13:23:07,104 - INFO - ⚡ چرخه 96: انتخاب دسته 115 تایی
2026-06-06 13:23:27,144 - WARNING - ⏳ [target1] محدودیت نرخ – انتظار 40.0s
2026-06-06 13:24:07,145 - WARNING - ⏳ [target1] محدودیت نرخ – انتظار 40.0s
2026-06-06 13:25:06,386 - WARNING - ⏳ [target1] محدودیت نرخ – انتظار 40.0s
2026-06-06 13:25:46,386 - WARNING - ⏳ [target1] محدودیت نرخ – انتظار 40.0s
2026-06-06 13:26:43,683 - WARNING - ⏳ [target1] محدودیت نرخ – انتظار 40.0s
2026-06-06 13:27:23,684 - WARNING - ⏳ [target1] محدودیت نرخ – انتظار 40.0s
2026-06-06 13:28:19,971 - WARNING - ⏳ [target1] محدودیت نرخ – انتظار 40.0s
2026-06-06 13:28:59,971 - WARNING - ⏳ [target1] محدودیت نرخ – انتظار 40.0s
2026-06-06 13:29:56,668 - WARNING - ⏳ [target1] محدودیت نرخ – انتظار 40.0s
2026-06-06 13:30:36,668 - WARNING - ⏳ [target1] محدودیت نرخ – انتظار 40.0s
2026-06-06 13:31:43,028 - WARNING - ⏳ [target1] محدودیت نرخ – انتظار 40.0s
2026-06-06 13:32:59,244 - WARNING - ⏳ [target1] محدودیت نرخ – انتظار 40.0s
2026-06-06 13:34:04,076 - ERROR - ❌ [target1] خطا: Expecting value: line 1 column 1 (char 0)
2026-06-06 13:34:10,905 - ERROR - ❌ [target1] خطا: Expecting value: line 1 column 1 (char 0)
2026-06-06 13:34:26,948 - WARNING - ⏳ [target1] محدودیت نرخ – انتظار 40.0s
2026-06-06 13:35:12,798 - ERROR - ❌ [target1] خطا: Expecting value: line 1 column 1 (char 0)
2026-06-06 13:35:20,208 - ERROR - ❌ [target1] خطا: Expecting value: line 1 column 1 (char 0)
2026-06-06 13:35:38,183 - INFO - 13 رکورد جدید ذخیره شد، 0 تکراری
2026-06-06 13:36:12,111 - WARNING - ⏳ [target2] محدودیت نرخ – انتظار 60.0s
2026-06-06 13:37:42,424 - WARNING - ⏳ [target2] محدودیت نرخ – انتظار 60.0s
2026-06-06 13:39:14,346 - WARNING - ⏳ [target2] محدودیت نرخ – انتظار 60.0s
2026-06-06 13:40:57,420 - WARNING - ⏳ [target2] محدودیت نرخ – انتظار 60.0s
2026-06-06 13:43:03,073 - WARNING - ⏳ [target2] محدودیت نرخ – انتظار 60.0s
2026-06-06 13:44:03,372 - INFO - 9 رکورد جدید ذخیره شد، 0 تکراری
2026-06-06 13:44:10,642 - ERROR - ❌ خطا در اتصال تلگرام (پیام): Cannot connect to host api.telegram.org:443 ssl:default [Multiple exceptions: [Errno 110] Connect call failed ('2001:67c:4e8:f004::9', 443, 0, 0), [Errno 110] Connect call failed ('149.154.166.110', 443)]
2026-06-06 13:44:10,666 - INFO - 📦 فایل دیتابیس زیپ شد: output/db_backup_20260606_134410.zip
2026-06-06 13:44:11,048 - INFO - ✅ فایل db_backup_20260606_134410.zip به تلگرام ارسال شد.
2026-06-06 13:44:11,051 - INFO - ☕ استراحت 6.1 دقیقه‌ای
2026-06-06 13:50:24,755 - INFO - ⚡ چرخه 97: انتخاب دسته 128 تایی
2026-06-06 13:50:43,692 - WARNING - ⏳ [target1] محدودیت نرخ – انتظار 40.0s
2026-06-06 13:51:23,692 - WARNING - ⏳ [target1] محدودیت نرخ – انتظار 40.0s
2026-06-06 13:52:22,292 - WARNING - ⏳ [target1] محدودیت نرخ – انتظار 40.0s
2026-06-06 13:53:02,293 - WARNING - ⏳ [target1] محدودیت نرخ – انتظار 40.0s
2026-06-06 13:54:02,163 - WARNING - ⏳ [target1] محدودیت نرخ – انتظار 40.0s
2026-06-06 13:54:42,163 - WARNING - ⏳ [target1] محدودیت نرخ – انتظار 40.0s
2026-06-06 13:55:39,508 - WARNING - ⏳ [target1] محدودیت نرخ – انتظار 40.0s
2026-06-06 13:56:19,508 - WARNING - ⏳ [target1] محدودیت نرخ – انتظار 40.0s
2026-06-06 13:57:17,875 - WARNING - ⏳ [target1] محدودیت نرخ – انتظار 40.0s
2026-06-06 13:57:57,876 - WARNING - ⏳ [target1] محدودیت نرخ – انتظار 40.0s
2026-06-06 13:58:54,851 - WARNING - ⏳ [target1] محدودیت نرخ – انتظار 40.0s
2026-06-06 13:59:34,852 - WARNING - ⏳ [target1] محدودیت نرخ – انتظار 40.0s
2026-06-06 14:00:52,866 - WARNING - ⏳ [target1] محدودیت نرخ – انتظار 40.0s
2026-06-06 14:02:11,699 - WARNING - ⏳ [target1] محدودیت نرخ – انتظار 40.0s
2026-06-06 14:03:14,766 - INFO - 11 رکورد جدید ذخیره شد، 0 تکراری
2026-06-06 14:03:41,104 - WARNING - ⏳ [target2] محدودیت نرخ – انتظار 60.0s
2026-06-06 14:05:06,018 - WARNING - ⏳ [target2] محدودیت نرخ – انتظار 60.0s
2026-06-06 14:06:30,627 - WARNING - ⏳ [target2] محدودیت نرخ – انتظار 60.0s
2026-06-06 14:07:56,980 - WARNING - ⏳ [target2] محدودیت نرخ – انتظار 60.0s
2026-06-06 14:09:50,787 - WARNING - ⏳ [target2] محدودیت نرخ – انتظار 60.0s
2026-06-06 14:11:10,701 - INFO - 8 رکورد جدید ذخیره شد، 0 تکراری
2026-06-06 14:11:10,879 - INFO - ✅ پیام تلگرام ارسال شد.
2026-06-06 14:11:19,346 - INFO - ⚡ چرخه 98: انتخاب دسته 152 تایی
2026-06-06 14:11:38,032 - WARNING - ⏳ [target1] محدودیت نرخ – انتظار 40.0s
2026-06-06 14:12:18,032 - WARNING - ⏳ [target1] محدودیت نرخ – انتظار 40.0s
2026-06-06 14:13:14,015 - WARNING - ⏳ [target1] محدودیت نرخ – انتظار 40.0s
2026-06-06 14:13:54,015 - WARNING - ⏳ [target1] محدودیت نرخ – انتظار 40.0s
2026-06-06 14:14:51,128 - WARNING - ⏳ [target1] محدودیت نرخ – انتظار 40.0s
2026-06-06 14:15:31,129 - WARNING - ⏳ [target1] محدودیت نرخ – انتظار 40.0s
2026-06-06 14:16:26,683 - WARNING - ⏳ [target1] محدودیت نرخ – انتظار 40.0s
2026-06-06 14:17:06,683 - WARNING - ⏳ [target1] محدودیت نرخ – انتظار 40.0s
2026-06-06 14:18:02,738 - WARNING - ⏳ [target1] محدودیت نرخ – انتظار 40.0s
2026-06-06 14:18:42,738 - WARNING - ⏳ [target1] محدودیت نرخ – انتظار 40.0s
2026-06-06 14:19:39,947 - WARNING - ⏳ [target1] محدودیت نرخ – انتظار 40.0s
2026-06-06 14:20:19,947 - WARNING - ⏳ [target1] محدودیت نرخ – انتظار 40.0s
2026-06-06 14:21:16,076 - WARNING - ⏳ [target1] محدودیت نرخ – انتظار 40.0s
2026-06-06 14:21:56,077 - WARNING - ⏳ [target1] محدودیت نرخ – انتظار 40.0s
2026-06-06 14:23:04,378 - WARNING - ⏳ [target1] محدودیت نرخ – انتظار 40.0s
2026-06-06 14:24:20,926 - WARNING - ⏳ [target1] محدودیت نرخ – انتظار 40.0s
2026-06-06 14:25:20,243 - INFO - 8 رکورد جدید ذخیره شد، 0 تکراری
2026-06-06 14:25:47,274 - WARNING - ⏳ [target2] محدودیت نرخ – انتظار 60.0s
2026-06-06 14:27:12,412 - WARNING - ⏳ [target2] محدودیت نرخ – انتظار 60.0s
2026-06-06 14:28:37,305 - WARNING - ⏳ [target2] محدودیت نرخ – انتظار 60.0s
2026-06-06 14:30:00,430 - WARNING - ⏳ [target2] محدودیت نرخ – انتظار 60.0s
2026-06-06 14:31:25,521 - WARNING - ⏳ [target2] محدودیت نرخ – انتظار 60.0s
2026-06-06 14:33:19,678 - WARNING - ⏳ [target2] محدودیت نرخ – انتظار 60.0s
2026-06-06 14:35:24,141 - WARNING - ⏳ [target2] محدودیت نرخ – انتظار 60.0s
2026-06-06 14:36:50,622 - INFO - 15 رکورد جدید ذخیره شد، 0 تکراری
2026-06-06 14:36:50,771 - INFO - ✅ پیام تلگرام ارسال شد.
2026-06-06 14:37:02,061 - INFO - ⚡ چرخه 99: انتخاب دسته 3 تایی
2026-06-06 14:37:22,266 - ERROR - ❌ خطا در اتصال تلگرام (پیام): Cannot connect to host api.telegram.org:443 ssl:default [Multiple exceptions: [Errno 110] Connect call failed ('2001:67c:4e8:f004::9', 443, 0, 0), [Errno 110] Connect call failed ('149.154.166.110', 443)]
2026-06-06 14:37:22,300 - INFO - 📦 فایل دیتابیس زیپ شد: output/db_backup_20260606_143722.zip
2026-06-06 14:37:22,666 - INFO - ✅ فایل db_backup_20260606_143722.zip به تلگرام ارسال شد.
2026-06-06 14:37:33,513 - INFO - ⚡ چرخه 100: انتخاب دسته 137 تایی
2026-06-06 14:37:46,442 - WARNING - ⏳ [target1] محدودیت نرخ – انتظار 40.0s
2026-06-06 14:38:30,643 - WARNING - ⏳ [target1] محدودیت نرخ – انتظار 40.0s
2026-06-06 14:39:22,667 - WARNING - ⏳ [target1] محدودیت نرخ – انتظار 40.0s
2026-06-06 14:40:07,492 - WARNING - ⏳ [target1] محدودیت نرخ – انتظار 40.0s
2026-06-06 14:40:59,098 - WARNING - ⏳ [target1] محدودیت نرخ – انتظار 40.0s
2026-06-06 14:41:43,513 - WARNING - ⏳ [target1] محدودیت نرخ – انتظار 40.0s
2026-06-06 14:42:37,027 - WARNING - ⏳ [target1] محدودیت نرخ – انتظار 40.0s
2026-06-06 14:43:22,491 - WARNING - ⏳ [target1] محدودیت نرخ – انتظار 40.0s
2026-06-06 14:44:14,066 - WARNING - ⏳ [target1] محدودیت نرخ – انتظار 40.0s
2026-06-06 14:44:59,586 - WARNING - ⏳ [target1] محدودیت نرخ – انتظار 40.0s
2026-06-06 14:45:52,107 - WARNING - ⏳ [target1] محدودیت نرخ – انتظار 40.0s
2026-06-06 14:46:36,859 - WARNING - ⏳ [target1] محدودیت نرخ – انتظار 40.0s
2026-06-06 14:47:29,126 - WARNING - ⏳ [target1] محدودیت نرخ – انتظار 40.0s
2026-06-06 14:48:15,351 - WARNING - ⏳ [target1] محدودیت نرخ – انتظار 40.0s
2026-06-06 14:49:38,034 - WARNING - ⏳ [target1] محدودیت نرخ – انتظار 40.0s
2026-06-06 14:50:57,986 - WARNING - ⏳ [target1] محدودیت نرخ – انتظار 40.0s
2026-06-06 14:52:13,641 - WARNING - ⏳ [target1] محدودیت نرخ – انتظار 40.0s
2026-06-06 14:53:17,980 - INFO - 17 رکورد جدید ذخیره شد، 0 تکراری
2026-06-06 14:53:45,316 - WARNING - ⏳ [target2] محدودیت نرخ – انتظار 60.0s
2026-06-06 14:55:10,555 - WARNING - ⏳ [target2] محدودیت نرخ – انتظار 60.0s
2026-06-06 14:56:33,692 - WARNING - ⏳ [target2] محدودیت نرخ – انتظار 60.0s
2026-06-06 14:57:58,845 - WARNING - ⏳ [target2] محدودیت نرخ – انتظار 60.0s
2026-06-06 14:59:37,059 - WARNING - ⏳ [target2] محدودیت نرخ – انتظار 60.0s
2026-06-06 15:01:57,679 - WARNING - ⏳ [target2] محدودیت نرخ – انتظار 60.0s
2026-06-06 15:03:04,234 - INFO - 13 رکورد جدید ذخیره شد، 0 تکراری
2026-06-06 15:03:04,426 - INFO - ✅ پیام تلگرام ارسال شد.
2026-06-06 15:03:13,839 - INFO - ⚡ چرخه 101: انتخاب دسته 143 تایی
2026-06-06 15:03:32,177 - WARNING - ⏳ [target1] محدودیت نرخ – انتظار 40.0s
2026-06-06 15:04:12,177 - WARNING - ⏳ [target1] محدودیت نرخ – انتظار 40.0s
2026-06-06 15:05:08,642 - WARNING - ⏳ [target1] محدودیت نرخ – انتظار 40.0s
2026-06-06 15:05:48,642 - WARNING - ⏳ [target1] محدودیت نرخ – انتظار 40.0s
2026-06-06 15:06:48,349 - WARNING - ⏳ [target1] محدودیت نرخ – انتظار 40.0s
2026-06-06 15:07:28,350 - WARNING - ⏳ [target1] محدودیت نرخ – انتظار 40.0s
2026-06-06 15:08:25,900 - WARNING - ⏳ [target1] محدودیت نرخ – انتظار 40.0s
2026-06-06 15:09:05,900 - WARNING - ⏳ [target1] محدودیت نرخ – انتظار 40.0s
2026-06-06 15:10:04,232 - WARNING - ⏳ [target1] محدودیت نرخ – انتظار 40.0s
2026-06-06 15:10:44,232 - WARNING - ⏳ [target1] محدودیت نرخ – انتظار 40.0s
2026-06-06 15:11:43,251 - WARNING - ⏳ [target1] محدودیت نرخ – انتظار 40.0s
2026-06-06 15:12:23,251 - WARNING - ⏳ [target1] محدودیت نرخ – انتظار 40.0s
2026-06-06 15:13:22,149 - WARNING - ⏳ [target1] محدودیت نرخ – انتظار 40.0s
2026-06-06 15:14:02,149 - WARNING - ⏳ [target1] محدودیت نرخ – انتظار 40.0s
2026-06-06 15:15:25,254 - WARNING - ⏳ [target1] محدودیت نرخ – انتظار 40.0s
2026-06-06 15:16:41,450 - WARNING - ⏳ [target1] محدودیت نرخ – انتظار 40.0s
2026-06-06 15:17:57,713 - WARNING - ⏳ [target1] محدودیت نرخ – انتظار 40.0s
2026-06-06 15:19:08,990 - INFO - 15 رکورد جدید ذخیره شد، 0 تکراری
2026-06-06 15:19:37,407 - WARNING - ⏳ [target2] محدودیت نرخ – انتظار 60.0s
2026-06-06 15:21:02,567 - WARNING - ⏳ [target2] محدودیت نرخ – انتظار 60.0s
2026-06-06 15:22:27,013 - WARNING - ⏳ [target2] محدودیت نرخ – انتظار 60.0s
2026-06-06 15:23:50,868 - WARNING - ⏳ [target2] محدودیت نرخ – انتظار 60.0s
2026-06-06 15:25:26,580 - WARNING - ⏳ [target2] محدودیت نرخ – انتظار 60.0s
2026-06-06 15:27:19,126 - WARNING - ⏳ [target2] محدودیت نرخ – انتظار 60.0s
2026-06-06 15:28:44,792 - INFO - 11 رکورد جدید ذخیره شد، 0 تکراری
2026-06-06 15:28:44,975 - INFO - ✅ پیام تلگرام ارسال شد.
2026-06-06 15:28:56,712 - INFO - ⚡ چرخه 102: انتخاب دسته 18 تایی
2026-06-06 15:29:20,786 - WARNING - ⏳ [target1] محدودیت نرخ – انتظار 40.0s
2026-06-06 15:30:03,688 - INFO - 1 رکورد جدید ذخیره شد، 0 تکراری
2026-06-06 15:30:46,167 - WARNING - ⏳ [target2] محدودیت نرخ – انتظار 60.0s
2026-06-06 15:32:04,351 - INFO - 4 رکورد جدید ذخیره شد، 0 تکراری
2026-06-06 15:32:04,536 - INFO - ✅ پیام تلگرام ارسال شد.
2026-06-06 15:32:04,561 - INFO - 📦 فایل دیتابیس زیپ شد: output/db_backup_20260606_153204.zip
2026-06-06 15:32:04,989 - INFO - ✅ فایل db_backup_20260606_153204.zip به تلگرام ارسال شد.
2026-06-06 15:32:19,837 - INFO - ⚡ چرخه 103: انتخاب دسته 186 تایی
2026-06-06 15:32:37,056 - WARNING - ⏳ [target1] محدودیت نرخ – انتظار 40.0s
2026-06-06 15:33:17,057 - WARNING - ⏳ [target1] محدودیت نرخ – انتظار 40.0s
2026-06-06 15:34:13,517 - WARNING - ⏳ [target1] محدودیت نرخ – انتظار 40.0s
2026-06-06 15:34:53,517 - WARNING - ⏳ [target1] محدودیت نرخ – انتظار 40.0s
2026-06-06 15:35:50,813 - WARNING - ⏳ [target1] محدودیت نرخ – انتظار 40.0s
2026-06-06 15:36:30,814 - WARNING - ⏳ [target1] محدودیت نرخ – انتظار 40.0s
2026-06-06 15:37:28,342 - WARNING - ⏳ [target1] محدودیت نرخ – انتظار 40.0s
2026-06-06 15:38:08,351 - WARNING - ⏳ [target1] محدودیت نرخ – انتظار 40.0s
2026-06-06 15:39:05,923 - WARNING - ⏳ [target1] محدودیت نرخ – انتظار 40.0s
2026-06-06 15:39:45,924 - WARNING - ⏳ [target1] محدودیت نرخ – انتظار 40.0s
2026-06-06 15:40:43,459 - WARNING - ⏳ [target1] محدودیت نرخ – انتظار 40.0s
2026-06-06 15:41:23,459 - WARNING - ⏳ [target1] محدودیت نرخ – انتظار 40.0s
2026-06-06 15:42:20,864 - WARNING - ⏳ [target1] محدودیت نرخ – انتظار 40.0s
2026-06-06 15:43:00,864 - WARNING - ⏳ [target1] محدودیت نرخ – انتظار 40.0s
2026-06-06 15:43:59,007 - WARNING - ⏳ [target1] محدودیت نرخ – انتظار 40.0s
2026-06-06 15:44:39,007 - WARNING - ⏳ [target1] محدودیت نرخ – انتظار 40.0s
2026-06-06 15:45:35,465 - WARNING - ⏳ [target1] محدودیت نرخ – انتظار 40.0s
2026-06-06 15:46:15,466 - WARNING - ⏳ [target1] محدودیت نرخ – انتظار 40.0s
2026-06-06 15:47:30,959 - WARNING - ⏳ [target1] محدودیت نرخ – انتظار 40.0s
2026-06-06 15:48:46,385 - WARNING - ⏳ [target1] محدودیت نرخ – انتظار 40.0s
2026-06-06 15:49:58,896 - WARNING - ⏳ [target1] محدودیت نرخ – انتظار 40.0s
2026-06-06 15:51:26,101 - WARNING - ⏳ [target1] محدودیت نرخ – انتظار 40.0s
2026-06-06 15:52:45,842 - WARNING - ⏳ [target1] محدودیت نرخ – انتظار 40.0s
2026-06-06 15:53:27,791 - INFO - 21 رکورد جدید ذخیره شد، 0 تکراری
2026-06-06 15:53:54,088 - WARNING - ⏳ [target2] محدودیت نرخ – انتظار 60.0s
2026-06-06 15:55:18,970 - WARNING - ⏳ [target2] محدودیت نرخ – انتظار 60.0s
2026-06-06 15:56:43,566 - WARNING - ⏳ [target2] محدودیت نرخ – انتظار 60.0s
2026-06-06 15:58:07,956 - WARNING - ⏳ [target2] محدودیت نرخ – انتظار 60.0s
2026-06-06 15:59:34,692 - WARNING - ⏳ [target2] محدودیت نرخ – انتظار 60.0s
2026-06-06 16:00:58,480 - WARNING - ⏳ [target2] محدودیت نرخ – انتظار 60.0s
2026-06-06 16:02:47,348 - WARNING - ⏳ [target2] محدودیت نرخ – انتظار 60.0s
2026-06-06 16:04:47,467 - WARNING - ⏳ [target2] محدودیت نرخ – انتظار 60.0s
2026-06-06 16:06:54,778 - WARNING - ⏳ [target2] محدودیت نرخ – انتظار 60.0s
2026-06-06 16:07:56,377 - INFO - 21 رکورد جدید ذخیره شد، 0 تکراری
2026-06-06 16:08:03,651 - ERROR - ❌ خطا در اتصال تلگرام (پیام): Cannot connect to host api.telegram.org:443 ssl:default [Multiple exceptions: [Errno 110] Connect call failed ('2001:67c:4e8:f004::9', 443, 0, 0), [Errno 110] Connect call failed ('149.154.166.110', 443)]
2026-06-06 16:08:11,582 - INFO - ⚡ چرخه 104: انتخاب دسته 186 تایی
2026-06-06 16:08:28,139 - WARNING - ⏳ [target1] محدودیت نرخ – انتظار 40.0s
2026-06-06 16:09:08,139 - WARNING - ⏳ [target1] محدودیت نرخ – انتظار 40.0s
2026-06-06 16:10:05,294 - WARNING - ⏳ [target1] محدودیت نرخ – انتظار 40.0s
2026-06-06 16:10:45,294 - WARNING - ⏳ [target1] محدودیت نرخ – انتظار 40.0s
2026-06-06 16:11:43,725 - WARNING - ⏳ [target1] محدودیت نرخ – انتظار 40.0s
2026-06-06 16:12:23,725 - WARNING - ⏳ [target1] محدودیت نرخ – انتظار 40.0s
2026-06-06 16:13:21,444 - WARNING - ⏳ [target1] محدودیت نرخ – انتظار 40.0s
2026-06-06 16:14:01,444 - WARNING - ⏳ [target1] محدودیت نرخ – انتظار 40.0s
2026-06-06 16:14:58,345 - WARNING - ⏳ [target1] محدودیت نرخ – انتظار 40.0s
2026-06-06 16:15:38,345 - WARNING - ⏳ [target1] محدودیت نرخ – انتظار 40.0s
2026-06-06 16:16:34,152 - WARNING - ⏳ [target1] محدودیت نرخ – انتظار 40.0s
2026-06-06 16:17:14,152 - WARNING - ⏳ [target1] محدودیت نرخ – انتظار 40.0s
2026-06-06 16:18:11,689 - WARNING - ⏳ [target1] محدودیت نرخ – انتظار 40.0s
2026-06-06 16:18:51,689 - WARNING - ⏳ [target1] محدودیت نرخ – انتظار 40.0s
2026-06-06 16:19:50,340 - WARNING - ⏳ [target1] محدودیت نرخ – انتظار 40.0s
2026-06-06 16:20:30,340 - WARNING - ⏳ [target1] محدودیت نرخ – انتظار 40.0s
2026-06-06 16:21:26,384 - WARNING - ⏳ [target1] محدودیت نرخ – انتظار 40.0s
2026-06-06 16:22:06,384 - WARNING - ⏳ [target1] محدودیت نرخ – انتظار 40.0s
2026-06-06 16:23:25,173 - WARNING - ⏳ [target1] محدودیت نرخ – انتظار 40.0s
2026-06-06 16:24:50,114 - WARNING - ⏳ [target1] محدودیت نرخ – انتظار 40.0s
2026-06-06 16:26:07,791 - WARNING - ⏳ [target1] محدودیت نرخ – انتظار 40.0s
2026-06-06 16:27:26,575 - WARNING - ⏳ [target1] محدودیت نرخ – انتظار 40.0s
2026-06-06 16:28:35,534 - WARNING - ⏳ [target1] محدودیت نرخ – انتظار 40.0s
2026-06-06 16:29:16,963 - INFO - 21 رکورد جدید ذخیره شد، 0 تکراری
2026-06-06 16:29:42,653 - WARNING - ⏳ [target2] محدودیت نرخ – انتظار 60.0s
